classes,tweet
spam,Bitcoin Satoshi EarnMoney cryptocurrency blockchain Airdrop New Airdrop Kryptono Lamborghini to Win Kryptono Exchange to Reward Top Traders with Xtrade Competition Join Here  ğŸ“¢ âœˆ ğŸ’° ğŸš€
ham,BTC BTC Bulls big monthly win February was 1st positive month in half a year Nice bullish cross over on stochastic BITCOIN crypto Cryptocurrency FiboSwanny CryptoCurator CT 
spam,Bitcoin History Part 10 The 184 Billion BTC Bug  
ham,A 19 Year Old Bitcoin Millionaire Has Built A Working Doctor Octopus Suit  
ham,Bitcoin BTC shaking off Bears New Californian BitLicense May Slow downBulls  
ham,Crypto Investors Call Bitcoin at $100000 to Millions Bitcoin Ethereum XRP Price Analysis Crypto Bitcoin BTC $BTC Ethereum ETH $ETH XRP $XRP  
ham,Bitcoin trades higher set to book back-to-back winning weeks - MarketWatch  
ham,Thailand Now Has 4 Approved Cryptocurrencies - Bitcoin News  
ham,Bitcoin Ended Its Longest Losing Streak Since Forever - newsBTC  
ham,I do believe Bitcoin will go much higher than 10keven more than 100k Only question is about timing As of now people dont even know if USA will be in Inflation or deflation -- 1 btc below 1k is guaranteed if deflation hits first 2 100k guaranteed when hyperinflation  
ham,alexisohanian Family friend I swear the value of these ultra rare McDonalds Teenie Beanie Babies is going STRAIGHT UP Alexis Learn from your mistakes Family friend I PUT ALL OF MY RETIREMENT FUND INTO BITCOIN 
ham,Bitcoin SV toughens up its cryptocurrency  
spam,Earn more than 0015 btc free No deposit No investment Free Bitcoins - Earn $65 free btc in 5 minutes bitcoin freebtc getbtc 
ham,AlecZiupsnys VibeHi Will bitcoin be recognized in the United States of Green Socialist 
ham,Bitcoin closed with some gains in month ofFebruary  
spam,Inside Sales - Investment Firm - Financial Sector Woodland Hills CA USA - More Info Go jobs Hiring Careers WoodlandHills CA Cryptocurrency Blockchain BTC BitCoin ETH crypto  ğŸ“‹
ham,Bitcoin Bulls Are Back $XBT Bitcoin Futures up 11% in February volatility reemerges in $XBT Bitcoin Futures amp Bitcoin Easter eggs Host JermalChandler bitcoin XBT Cboe BTC crypto 
ham,Tron TRX Hard Fork Updates fixes and changes revealed blockchain bitcoin ethereum news  
ham,Bitcoin closed with some gains in month of February via FxSignalsEA 
ham,Bitcoin is not a good idea - Central Banks E-Mail is not a good idea - Post Office The Internet is not a good idea - Newspapers Television is not a good idea - Radio Stations Streaming is not a good idea - Blockbuster  ğŸ¦ ğŸ“« ğŸ“° ğŸ“» ğŸ“½
spam,How to keep 80% of the money your Bank makes from you by milking your deposits fintech crypto bitcoin decentralization loans hodl wallstreet MOIP NASDAQ  
ham,Thought Id check my coinbase acc after nearly 2 years of inactivity DeleteCoinbase DeleteCoinbaseTrustChain bitcoin btc Coinbase  
spam,The latest Twacebook Tagesblatt Thanks to honeymag technews bitcoin 
ham,mtaba Bitfi6 The same is true of Bitcoin Its eventual volume is restricted and the cost of mining each coin increases so it models commodities not GDP Thats fundamentally why it isnt money Like gold it would lead to deflation 
ham,Turkey Becomes Home to the Largest Number of Cryptocurrency Owners in Europe - Bitcoin Exchange Guide -  
spam,Confused by Crypto Heres a Guide to Bitcoin for Dummies - CoinCentral crypto cryptocurrencies coincentral  
spam,Bitmex Short XBTUSD - Short now Short x2 if pumps bitcoin crypto bitmex signal Short more DYOR BYOR March 01 2019 at 0745PM 
spam,Over the Road Solo and Team CDL with Hazmat Sprinter Drivers Wanted New YorkNY - More Info Go jobs Hiring Careers Cryptocurrency Blockchain BTC BitCoin ETH crypto  ğŸ“‹
spam,An investor just got 2 million FUT for 002 ETH Fuji Token Min Investment 002 ETH Send ETH 0xd1564b18b5a74bce1421e783c903e509a3ed81eb Follow Retweet Comment ETH ads ICO cryptocurrency xrp airdrops ethereum bitcoin vitalik money online stock token xvg  â¤´
spam,OTTEST MONEY-MAKER GOING Get on board before it passes you by gtgtgt bitcoin cryptocurrency cryptopia cyptocurrency cyrptonews  ğŸ« ğŸ¨
spam,BitcoinCast Ive transferred your tip of 000185544 BCH $025 USD to BitframeLLC BCHForEveryone BitcoinCash  
spam,Hi Amsterdam Next week our Co-Founder and Chief Architect will speak at the 69th BitcoinWednesday Conference Tickets here  
spam,Minecraft-Like Platform Brings a 3D World to Bitcoin Cash - - btcnews  
ham,Bitcoin closed with some gains in month of February Free crypto Trading Signal on Telegram channel  
ham,Russia To Adopt Crypto Regulations Under Putins Administration To read more latest news visit bitcoin bitcoinnews bitcoinprice bitcoinpricechart cryptocurrency cryptocurrencynews crypto cryptoregulation latestcryptocurrencyregulations  
ham,Facebook Coin Flips the Market if Listed on the BitcoinExchange  
ham,Nash broke out on the daily chart tokok exchange Its about 170$ today ICO price was 1$ if you catched Neo amp gas the right time and at 80 cents in December 2018 gt100% up Looking forward to the end of March crypto dex btc bitcoin  ğŸ¤—
ham,DeleteCoinbase meet DeleteFacebook You guys deserve each other Im in the business of matchmaking useless Hash tag trends that are based on paranoia user errors conspiracies and untrue facts that ppl truly believe I wish you both a great life $BTC bitcoin Cryptocurrency 
ham,SeekingAlpha Ty I appreciate the read The cryptocurrencymarket WILL change the financial markets in the next 10-20 years anyone not in at current low prices could cause above-average inflation amp further gaps in Crypto Coinbase Coins BTC Bitcoin Bitcoinprice ICO BinanceCoin 
spam,Checkout LivenPay today LivenCoin LVN Token Sale LivenPay LVNTokenSale TokenSale Bitcoin BTC Blockchain Ethereum ETH Token To get started with LivenPay visit  
spam,Loss Prevention Officer - Los Angeles - Marriott - More Info Go jobs Hiring Careers LosAngeles California Cryptocurrency Blockchain BTC BitCoin ETH crypto  ğŸ“‹
ham,Report Claims That Sextortionists Absconded With Over $300000 in Crypto in 2018 newsoftheweek Bitcoin blockchain crypto  â¡ ğŸ—º â–¶
ham,You know what happens when you try to use stripe the company you work for as a payments network You get banned for WrongThink Cant happen with bitcoin Patrick  
ham,Bitcoin Falling Tremendously Coinomi Warning Huge Profit with Scalping Trade Cryptocurrency General Discussion Bitcoin and Cryptocurrency Forum freebitmexsignals  
ham,We felt the need to explain crypto to the traditional finance moguls Thank us when you buy your first Bitcoin bro  ğŸ˜‰ ğŸ’
spam,Our daily Money Report at via OfficesForSale and WillemTait and equityvalue trade trading FaceValue Stories via LandSurfingPro blockchain bitcoin 
ham,Here is yet another way to help spread the word about crypto BUY BITCOIN bitcoin buybitcoin crypto cryptocurrency btc fiat cryptostache satoshidroppers financialfreedom massadoption marketing banking  ğŸ’¥ ğŸ’¥
ham,PackyBrennan I guess what I mean is that I was mining Bitcoin in 2011 I mined for a weekend made the equivalent of $003 and thought This is dumb Im going to kill my GPU and stopped Since then Ive tried to keep an open mind about new tech but Im not seeing this application 
spam,Real Estate Agents - License Required - unknown company Newark NJ USA - More Info tech jobs Hiring Careers Newark NJ Cryptocurrency Blockchain BTC BitCoin ETH crypto  ğŸ“‹
ham,tokenstate Bitcoin maximalists just another religion 
spam,Please vote here TRON TRX $TRX BitTorrent BTT $BTT  
ham,Here are the Worldwide Google searches for the last 90 days Bitcoin in blue XRP in red amp Ripple in yellow Dont be fooled XRP is still a secret  
ham,btc bitcoin i we put in a lower-low potential for a lower high if bulls cannot break the dotted lines ii bulls need to reclaim back above or I expect the start of a mini-downtrend to target the blue line iii will update as more data comes in  
spam,tcbestepe Get innovative crypt awards even more from Wirex Friend-Friend allows you to earn free Bitcoin by inviting your friends and family to join Wirex and Cryptoback gives you a BTC refund at all stores purchased with the Wirex Visa card Click here for wirexappcomrgalys 
ham,Insightful feedback from a business operator attempting to use the Lightning Network to pay contractors  
spam,Biggest Giveway 30 ETH Distribute First 1000 Perticipat Just Register on website Follow Like Rtweet Tag five friends Coment ETH Address ico airdrop eth blockchain giveaway token selfdrop ripple XRP cryptocurrency btc ethereum bitcoin  
spam,Need the BTC bitcoin price in GBP then visit for a quick way to check the latest averaged across exchanges price uk pound $GBP 
ham,Auction of Seized Bitcoin Draws Interest From 110 Countries cryptocurrencies crypto bitcoin altcoins finance tech fintech 
ham,Ether issuance is now just half a percent higher than Bitcoin ETH annual issuance 440% BTC annual issuance 385% Itll continue to drop The Ethereum social contract is lowest possible issuance to secure the network Sound money wo a cult of 21m ht econoar 
ham,BTC News of the unrest in Venezuela has made headlines around the world As the country unravels internally and travel warnings are issued news of chaos contRead more  
ham,CryptoBacon HammerToe bayernn1886 KrilBot Tr0llyTr0llFace Did read I see a Bitcoin maxie just try to find a small hole in the XRP wall You just want to be the one with the right arguments You loose all of your objectivity in the proces Thats what i see  ğŸ¤¤
spam,Bitcoin Satoshi crypto blockchain Airdrop New Airdrop PrimeXBT PrimeXBT announces $1000000 Giveaway The Top participants earn up to $250000 625 BTC 1 Join PrimeXBT Giveaway 2 Submit your details 3 Refer friends amp earn more  ğŸ“¢ ğŸš€
spam,Three retweeters will win 10000 $WIN each Must RT the post below this one Dont forget to comment on TronStalkers post below so I can pick winners transparently Topics Tron $TRX BitTorrent $BTT Bitcoin $BTC Blockchain  ğŸ ğŸ† ğŸ”ƒ ğŸ‘‡ ğŸ‘€ ğŸ”¡ ğŸ”¢
ham,jussyc123 XRPSPEED PeterLBrandt xrp is 100% manipulation only thing being manipulated wit bitcoin is the exchanges 
spam,Get innovative crypt awards even more from Wirex Friend-Friend allows you to earn free Bitcoin by inviting your friends and family to join Wirex and Cryptoback gives you a BTC refund at all stores purchased with the Wirex Visa card Click here for wirexappcomrgalys 
spam,LOVEUgandaWe hope to help thank you bitcoin 1896UwURka9J4MCbSdwfMc1pynArfWYXUf amazoncom Wish List  
ham,DigiFinex Daily Report - ethereum upgrade was a success - DukascopyBankSA launched its own ERC20 token - California introduces new bill to regulate Bitcoin amp Crypto business - facebook will launch its own stable coin  
ham,Waiting for someone to throw a decimal place in the chain  ğŸ¤£ ğŸ‘€
ham,The New director of Central Bank of Brasil BB love Crypto and blockchain revolution like Us APompliano sasha35625 zaykove bitcoin waves $waves $bcc fintechbrasil startupbrasil Blockchainbrasil AI vr iot ar  ğŸ ğŸŒ ğŸ
ham,We are continously appearing in many journals of different countries Sharing Saiterm worldwide block blockchain saiterm saiex cryptocurrencyexchange crypto ico bitcoin ethereum industry environment ğŸ¤—
ham,bitcoin Bitcoin BTC Ethereum ETH amp altcoin wallet Coinomi addresses seed phrase vulnerability says highly unlikely to result in loss of funds  
spam,Enter our Ledger15days contest amp win the new Ledger Nano X or a Ledger Nano S Crypto Blockchain Cryptofollow FinTech AI IoT Exchange Airdrop Bounty BTC ETH Ethereum Bitcoin Ledger  
ham,Times up elonmusk kobebryant The torch waits for no one even world-changers can miss great opportunities vitalikbuterin answer stuck in Ethereums pending Txs queue Will probably take a while Happily passing to Bitcoin guru erikvoorhees LNTrustChain  ğŸ˜‰ âš¡
spam,About LivenPay borderless network LivenCoin LVN Token Sale LivenPay LVNTokenSale TokenSale Bitcoin BTC Blockchain Ethereum ETH Token To get started with LivenPay visit  
ham,People Are Saying Bitcoin Has Bottomed New Price Data Suggests They Might Be Right Forbes  
ham,Opens Ripple $XRP short I am in agreement with PeterLBrandt We definitely smell manipulation bitcoin $btc ethereum $eth $etc $neo ripple $xrp stellar $xlm $eos tron $trx litecoin $ltc $ada binance binancecoin $bnb $neo $ont $iota $vet $icx $qtum $nuls $lyft $bpth  
ham,Chinese Bitcoin Miners Set to Activate One Million Mining Machines CryptoGlobe  
ham,Just look at the Bitcoin stats 12 Months on  ğŸ˜ˆ
ham, Wait I thought it was Bitcoin that criminals preferred Now theyre using fiat Anonymously without a transaction record you say  ğŸ¤£ ğŸ¤£ ğŸ¤£
ham,ImagineTraffic shadownomics CardiShadow winternomics Like the Bitcoin OGs that still hodl their unsplit-prefork coins Im going to take a SuperPosition like desantis suggested amp hodl all Kaz hardforks kazonomics winternomics shadownomics PredictiveAnalyst Forecaster Weatherman Economist Psychologist â¡ â¡
ham,Not Funny Elon Musks Twitter Joke Likely to Cost Tesla $460 Million cryptonews cryptolife cryptocurrency tradingcrypto ethereum btc bitcoin blockchain crypto eth cryptocurrencynews CryptoNews cryptoinvestor cryptocurrencies fintech 
ham,Billionaire investor Warren Buffett says he sees no unique value in the worlds largest cryptocurrency bitcoin crypto  
ham,Announcing the new venue for bitcoin2019 SVN West will host our innovation collaboration and celebration of the worlds original cryptocurrency bitcoin  
ham,Hey bitcoinTrkmen991 thank you for following me 
ham,Ragnarly Im sorry Ragnarly Your misunderstanding of the SatoshiRoundtbl has lead you to incorrect conclusions The invitees are NOT the leaders of bitcoin Theyre a bunch of crypto speakers who decided to hold a speaker-only gathering Think private house party but at a resort 
spam,Travel MRI Tech - Cooperstown - One Staff Medical New York NY USA - More Info tech jobs Hiring Careers NewYork NY Cryptocurrency Blockchain BTC BitCoin ETH crypto  ğŸ“‹
ham,US Mt Gox Victims Notch Legal Win Against CEO of Infamous Bitcoin Exchange  
ham,Lets kill Bitcoin So that it can regrow out of the ashes phoenix arises As usual outstanding work by Saifedean  
ham,The latest Open Network Payment Stellar Ripple Thanks to alejand98179334 EdRodPOV whatifcmc ripple bitcoin 
ham,AlecZiupsnys VibeHi You cant predict the price of Bitcoin Most people just havent realized it yet 
ham,Privacy is a fundamental issue in crypto 
ham,TOQQN an extraordinary venture consistently we hear extraordinary news from this project Im soo glad to join an undertaking like this its so energized Toqqn ico crypto bitcoin ethereum blockchain btc 
ham,cryptorecruitr Everyone thinks bitcoin was created just to have a faster and cheaper way to pay but its much more 
spam,ICO Stage 4 Starts Today Visit our site to buy your Gric Coin Take advantage of the current price Visit to get your token today 
ham,Richest men in the world Jeff Bezos $112B Bill Gates $90B Buffett $84B Arnault $72B Zuckerberg $71B Bitcoins entire marketcap is only $68 billion Thats less then these five individual peoples net worth Were so early its laughable 
ham,That moment when you realize bitcoin is a threat to advertising  
ham,Bitcoin BTC Explodes Past $4100 With Record Exchange and Futures Volume Is It a Dead Cat Bounce newsoftheweek Bitcoin blockchain crypto  â¡ ğŸ—º â–¶
ham,The internet makes everything faster and cheaper Email is fastercheaper than snailmail Bitcoin will produce a matching outcome for money 
ham,I really like the project Prospects for the development of a purely cosmic scale I wish the developers good health and patience Together we can do more Toqqn ico crypto bitcoin ethereum blockchain btc 
ham,Bitcoin facing another uncertain weekend after failing to hit the expected heights - Express  
spam,Im For The Dream Real Talk GOPChairwoman MAGA GOP realDonaldTrump nro senatemajldr VP FLOTUS WhiteHouse StateDept SenateGOP HouseGOPad wsj nytimes IHubStockPosts business bitcoin blockchain 
ham,How to PSYOP Attack Bitcoin -Divide community -Fork it and steal its brand -Claim your minority forked altcoin is the original chain -Claim to be Satoshi or a Bitcoin Jesus -Market message to recruit believers -Patent troll to challenge the open-source nature of crypto 
spam,Easiest way to accept bitcoin payments on WordPress Install in less than 5 min No paperwork no barriers - Just like bitcoin  
spam,Check out New Listings on P2PB2B in February cryptocurrency blockchain p2pb2b crypto bitcoin technology âœ…
ham,A blockchain project that do deliver Check out for transferring anonymously messages amp files blockchain Anonymous crypto Monero SiaCoin storj bitcoin  
ham,Bitcoin SV toughens up its cryptocurrency Crypto Cashflow via  ğŸ“ˆ
ham,Crypto Investors Call Bitcoin at $100000 to Millions Bitcoin Ethereum XRP Price Analysis Crypto Cashflow via  ğŸ“ˆ
ham,Bitcoin BTC shaking off Bears New Californian BitLicense May Slow down Bulls Crypto Cashflow via  ğŸ“ˆ
spam,Bitcoin crypto Airdrop New Airdrop Cryptosoul CryptoSoul is the first battle royale mining game in the world Already on Coinmarketcap $0000573 1 Sign up amp Verify email 2 Complete some tasks amp KYC to Withdraw 3 Soul by ref  ğŸ“¢ âœˆ ğŸ’° ğŸš€
ham,XRP Is More Popular Than Bitcoin BTC Ethereum ETH And Amazon On eToro Trading Platform Oracle Times  
ham,Great project We develop together with Your project develop and support it We are happy to participate in this project Its a very good idea Toqqn ico crypto bitcoin ethereum blockchain btc 
ham,My Millenial Loteria came in bitcoin millenials  ğŸ˜‚
spam,LongShort Bitcoin moves with up to 100x Leverage at Bitmex Receive a 10% Fee Reduction Click here $BTC $ETH $NANO $VIA $GXS $MOD $SNGLS $RDN $TNT $EVX $BNT $WINGS $FUEL $WABI $XZC $ADX $INS $VIBE $CLOACK $SYS $OAX $WPR $CND 1551  
spam, Airdrop Blockonomics BCK Value $ 10 $ 5 500 250 BCK ETH Step-by-step guide 1 Talk with the telegram bot 2 Join Telegram chat 3 Follow Twitter cryptocurrency Crypto bounty Airdrops ethereum Blockchain bitcoin ICO ğŸš€ ğŸ’° ğŸ’¸ ğŸ›¡ ğŸ“–
ham,New post Bitcoin could experience HUGE REVIVAL in 2019 following DISASTROUS 2018 experts claim has been published on Right Now News -  
ham,Hey check this out Bitcoin BTC shaking off Bears New Californian BitLicense May Slow down Bulls via Quarry app  
ham,TopStory MobilePayments Federal Reserve May Add Bitcoin Crash to Stress Test Scenarios - CoinDesk see more  
ham,Bitcoin BTC shaking off Bears New Californian BitLicense May Slow down Bulls  
ham,The Google Keyboard now natively supports the bitcoin symbol input The response from Google seems a bit Unfair to the other currencies but who can ensure that anyone else can provide an absolute Fair solution for all Try to talk about Fair with us together  
ham,Hey check this out Bitcoin Price Analysis The Third Attempt At Breaking Out Above $3980 Was Unsuccessful Is a Triple Bottom In Store via Quarry app  
ham,Take our tech then deny our currency bitcoin litecoin ETHEREUM 
spam,Need to use Bitcoin on Ethereum DApps Buy WBTC Wrapped BTC using KyberWidget on CoinGecko now and enjoy a 10% Rebate Retweet and Tag 2 friends for a chance to win an additional $50 WBTC Campaign ends 8 March 2359 GMT8 Learn more  
spam,forklogen Bitcoin Technical Analysis Unlocked next 2 movement for everyoneCheck out If you want to see E point for bitcoinDm me for details It is very important action BitcoinAltcoin Analysis amp Margin Trades  ğŸ“Š ğŸ”“ ğŸ”“ ğŸ”” ğŸ‘¨ ğŸ’¼
ham,CryptoStache could you imagine the publicity for bitcoin if you catch a case for showing yourself defacing bills id be so rich thank you 
spam,PIZZA PARTY 10% off Lightning Pizza from now until Sunday Get it while its hot pizzaparty reckless bitcoin  
ham,Thailand Bans ICOs From Using Bitcoin Cash Litecoin and Ethereum Classic  
spam,Backend Java Developer - IntaPeople Cardiff UK - More Info Java jobs Hiring Careers Cardiff UK Cryptocurrency Blockchain BTC BitCoin ETH crypto  ğŸ“‹
ham,Bitcoin will never disappear It was the first Live until the year 2100 and you will still see activity on its network However unless a pure currency coin has unique world-beating traits like $Nano has dont be surprised if they fade away over time 
ham,If a white guy dms you dont get happy Hes s about to talk about bitcoin mining  ğŸŒš ğŸ˜‚ ğŸ˜’
spam,Want to pay with crypto in your daily life Wish to go shopping or buy a burger with bitcoin With SOZ personal multi-currency wallet you can make instant crypto payments for any daily activity Create SOZ account NOW SOZ SecretsofZurich payments shopping burgers  ğŸ‘‰ ğŸ‘‰ âœ…
ham,Futures Exchange Promises Zero-Fees Startup Hits One Million Sign-Ups for Waitlist by Maria Yavuz aggregated via bitcoin $BTC crypto 
ham,2017 early Bitcoin adopters just got lucky Its unfair 2037 early nation-states adopting Bitcoin as currency just got lucky Its unfair 2237 early interplanetary confederations hoarding massive bitcoin reserves as war-chest just got lucky Its unfair 
ham,btc Bitcoin eth ethereum Just a question out to the Crypto community Whose been silly and bought into this price bounce We will see a price crash over the weekend  ğŸ™Š
spam,Support CasaHODL event if youre in NYC on Tuesday March 5th 
ham,Microsoft Enters the ICO Space Can it be the Big Trigger for Growth MainLaunchPad stratisplatform chrisblockchain satyanadella scottgu Microsoft Azure chainspaceio musalbas Crypto CryptoCurrency Blockchain Bitcoin BTC ETH Cloud ğŸ“ˆ
spam,tapatrade CryptoBoomNews Bitcoin Technical Analysis Unlocked next 2 movement for everyoneCheck out If you want to see E point for bitcoinDm me for details It is very important action BitcoinAltcoin Analysis amp Margin Trades  ğŸ“Š ğŸ”“ ğŸ”“ ğŸ”” ğŸ‘¨ ğŸ’¼
ham,$BTC Bitcoin Daily Support and Resistance targets R3 391979 R2 389414 R1 387828 PP 385262 S1 382697 S2 381111 S3 378546 
spam,Looking to expand our sales team ad wsj nytimes reuters bloomberg thestreet forbes nasdaq IHubStockPosts newyork business cnn bet foxnews bitcoin blockchain music crypto cannabis weed marijuana CBD job work sales workfromhome  
ham,The Bitcoin CEO Who Faked His Death Podcast 20 via Audioboom 
ham,Someone hand Kanye his phone so he can go off on Jordyn Woods on Twitter and spill all the tea Oscars Oscar2019 Chelsea Kepa Sarri Billy Porter Casemiro UscardaDiva redcarpet Followback IFB Bitcoin BTC Eth Altcoin Ethereum Airdrop Crypto blockchain  
ham,A Bitcoin Satellite Just Transmitted the First Pepe In Space  
ham,Apple co-founder Steve Wozniak stevewoz claims that he is not interested in bitcoin as an investor and does not want to constantly monitor the price of BTC like others Hence Wozniak sold all his savings in bitcoins  ğŸ
ham,Securypto Blockchain philosophy is believing that highest level of security can only be achieved when every single user can verify the system integrity despite of their technical background bitcoin investments encryption pivx Komodo TRX verge Anonymous Privacy  
ham,Bitcoin isnt a good idea - Central Banks E-mail isnt a good idea - Post Office The Internet isnt a good idea - Newspapers Television isnt a good idea - Radio Stations Streaming isnt a good idea - Blockbuster RT AlecZiupsnys disruption ğŸ¦ ğŸ“« ğŸ“° ğŸ“» ğŸ“½
ham,So I was invited to speak on canalplus about life Bitcoin and Blockchain  ğŸ”¥
ham,Bitcoin February 28 2019 at 0150PM 1 BTC equivale a 38431101 USD 
spam,Earn free rewards like gift cards paypal bitcoin and litecoin with Earnably swagbucks earnably sahm yleo itworks makemoney sidehustle Join me today  
spam,Researcher - BT Group Ipswich United Kingdom - More Info Swift jobs Hiring Careers Ipswich United Kingdom Cryptocurrency Blockchain BTC BitCoin ETH crypto  ğŸ“‹
ham,webbieguy ryscar13 davidgerard Ill put it in simpler terms for the slower ones in the class then Bitcoiners lie A lot They lie and lie and lie and they never question lies told by other bitcoiners they just repeat them Because they need to make bitcoin sound like a good idea which it is not 
ham,Profit when Bitcoin is crashing Up to 100x Leverage long and short $INB $LSK $PPT $KCS $ZRX $ZIL $DGB $ONT $MIOTA $MGO $POLY $OMG $DGD $PAY $USDC $XTZ $VET  ğŸ“‰ ğŸ“‰ â¡ ğŸ’° ğŸ’
ham,In the 2014 bull market we saw price swings of - $100 per day for the first time ever In 2017 we saw price swings of - $1000 per day In the next bull market well see price swings of - $10000 per day bitcoin ğŸ»
ham,Low-cost reliable green hydroelectricity Industrial scale and professionally engineered design On-staff electricians Performance and monitoring platform in-house miner repair lab Bitfarms quebec bitcoin blockchain  âœ… âœ… âœ… âœ… âœ…
ham,It is not like the card got lost misplaced or stolen Its a card that worked perfectly yesterday The only difference between yesterday and today is that Capitec got hungry for money This must be the biggest scam I ever encountered Long bitcoin short the banks 
ham,Ragnarly This isnt dishonest This is reality Attendees of SRs are NOT leaders of bitcoin do not identify as leaders of bitcoin and Ive never heard anyone claim that except for your tweet The dissonance is your claim that theyre leaders 
ham,Randalfio Gemini vertbase BittrexExchange Lol lol sorry didnt mean to be rude My question was more for buying some spot bitcoin 
ham,This is a real deal use case for bitcoin and crypto  
ham,The next bull market breakout will be notched with early massive profit taking getting rid of non believers who just want to get some of their losses back This will preclude any parabolic advance Once thats done well $BTC $ETH $LTC $XRP Bitcoin 
spam,Bitcoin Satoshi crypto blockchain Airdrop New Airdrop HyperionX HyperionX is airdropping 10000 HYPE to their community members Estimated Value $75 1 Chat with Telegram Bot 2 Complete Social Tasks 3 1000 HYPE per ref  ğŸ“¢ âœˆ ğŸ’° ğŸ’° ğŸš€
ham,We just published DigiFinex Daily Crypto Report Bitcoin Price Stays At Around $3800 DFT Fluctuation Range Narrows  
ham,At this point in time it is probably as much about UNlearning as it is about learning Bitcoin So much wrong information has been sent out there The filtering process can be difficult but ultimately Proof of Work and economic incentives will save the day BSV  
spam,Graduate Java Developer - South West London - Michael Page Technology - More Info Java jobs Hiring Careers London United Kingdom Cryptocurrency Blockchain BTC BitCoin ETH crypto  ğŸ“‹
ham,Even back then Satoshi knew bitcoin wouldnt be practical for arbitrary micropayments  
spam,Use cryptocurrencies bitcoin BTC Ethereum ETH Monero XMR Then you trust peer to peer networks with your money Trust Rakem for crypto secure p2p messagingcalling Rakem for privacy encryption Signup now get total encryption for 2 years  
spam,New post Thailand Bans ICOs From Using Bitcoin Cash Litecoin and Ethereum Classic - Bitcoinist has been published on Crypto Ventures -  
spam,Make money even when Bitcoin is going down by shorting 100x Click here $NANO $BTC $ETH $BCH $XLM $LTC $BNB $WAVES $STEEM $XVG $SC $DGB $GNT $STRAT $HOT $OMG $NEO $KCS $IOST $WAN $AION $LINK $FUN $GXS $ELA $NAS 1551072274  
spam,iOS Developer - London - Opilio Recruitment Ltd London UK - More Info Swift jobs Hiring Careers London UK Cryptocurrency Blockchain BTC BitCoin ETH crypto  ğŸ“‹
spam,A must watch project with a fresh concept that is worth to contribute with Its have big future You make smart and useful project Good luck to the whole team Toqqn ico crypto bitcoin ethereum blockchain btc 
ham,$404 Million to $100 Million GSR to Cut Overstock tZERO Investment 75% cryptocurrency crypto bitcoin cryptonews 
spam,$MAXD Watch the demo ENTER TO WIN $1000 ad wsj nytimes IHubStockPosts business bitcoin blockchain music crypto cannabis marijuana CBD lasVagas gaming players gambling winn Lasvagasstrip casino entertainment 
ham,Shortly after falling from its test of the low $4000s bitcoin managed to find support in the mid $3500s What does this mean going forward BTC $BTCUSD  
spam,Vote on The significant majority of our political leaders are fraudulent VOTE Vote GOPChairwoman MAGA GOP realDonaldTrump nro senatemajldr VP FLOTUS WhiteHouse StateDept SenateGOP HouseGOP ad wsj nytimes business bitcoin blockchain  
ham,Crypto Showdown Six Bitcoin Bulls vs Six Bitcoin Bears Plus News on Ripple and XRP Ethereum Tron Litecoin and Stellar Crypto Bitcoin BTC $BTC XRP $XRP Ethereum ETH $ETH Tron TRX $TRX Litecoin LTC $LTC Stellar XLM $XLM  
ham,Read this tweet storm showing just how worthless Lightning Network is or will ever be  
ham,These are just a few of the Options that TROPTIONS made available for people if they want it but it is not security regulated by the SEC PEC or others as some youd like you to believe You would have to include others like Bitcoin Etherium etc  
spam,the year is 3000 only two holidays exist - toyotathon and happy honda days sale event bitcoin is the only currency walt disney has unfrozen himself and is supreme leader of the world everyone lives underwater but your great-great-great-granddaughter is doing fine 
ham,CollinEnstad iwearahoodie Bitcoin wont be world money with 20k USD nodes that can decide not to propgate your tx or be bribed not to 
ham,Bitcoin had the highest amount of transactions per day since the price was approaching an all-time-high If you were looking for a sign of a market turn this is it Most people just havent realized it yet  ğŸš€
spam,The project that will help people arYound the world to earn income for their ICO I love projects that benefit people have time to participate Toqqn ico crypto bitcoin ethereum blockchain btc 
spam,The best mobile wallet I have tried is about to kick it into overdrive - Bitcoin revolution is underway and its being led by BitcoinSV BSV 
ham,The DeleteCoinbase movement is so powerful that Coinbase is now trying to prevent its users from deleting their accounts Thats what happens when you fuck with the honeybadger bitcoin  ğŸ¤£ ğŸ¯
ham,With DCENTs fingerprint authentication transactions are made secure and convenient DCENT is easy and safe KeepYourCryptoWithDcent coldwallet hardwallet crypto bitcoin rsk  ğŸ‘¨ ğŸ’»
ham,aikulise mayann83927271 Ninjasieg1 airdropnotifyme CryptoBill Check out this tweet Thanks BTX Bitcoin bitcoinXnews  
spam,I fixedly watch this project it is very interesting and promising company I wish to this project of dynamic growth Toqqn ico crypto bitcoin ethereum blockchain btc 
ham,Bitcoin amp Cryptos are days away from EXPLODING  ğŸš€ ğŸš€ ğŸš€ ğŸš€ ğŸš€ ğŸš€ ğŸš€ ğŸš€ ğŸš€ ğŸš€ ğŸš€ ğŸš€
ham, team wish you a Secure Safe and healthy 2019 crypto year Crypto2019 bitcoin Cryptocurrency xrp ethereum BTC  
ham,US national debt hits new milestone topping $22 trillion Paying it back becomes less of an option everyday Printing it becomes more of an option everyday We need more than just an insurance policy The inevitable solution Sound hard money Bitcoin 
spam,2nd Shift General Laborer - Elwood Staffing Houston TX USA - More Info Wearables jobs Hiring Careers Houston TX Cryptocurrency Blockchain BTC BitCoin ETH crypto  ğŸ“‹
ham,Why Bitcoin Think about it Can your fiat currency outlive its country Can your stable coin outlive its bank account Can your social media currency outlive its company Bitcoin is a network and currency that can thrive and survive in an ever-changing world 
ham,A Very Useful Beginners Guide to Syscoin fintech $SYS bitcoin  
ham,Alex Jones The Preposterous Poster Boy For Bitcoin Forbes  
spam,RT TO GET NOTICED dm me sugar babies for sure cash out no bursting when bitcoin Is involved If you have a bank or cc dm sugarbabywanted sugarbabyneeded SugarBabyTwitter sugarbabylife SugarBabies sugardaddymeet sugardaddies sugardaddytwitter Sugarmummy sugarbaby  
ham,Ohio Becomes First State to Let Businesses Pay Taxes With Bitcoin Nov 25 2018 He also wants to frame the state as a national leader in blockchain technology While Bitcoin tax payments are only accepted by businesses  
ham,Ripple Moves 1 Billion XRP Worth $317 Million Includes New Mystery Message to Crypto Whale Watchers The revolution will be televised Buy XRP Short Bitcoin Wonka Knows  ğŸŒ
spam,Want to win 50000 DOGECOINS Free Register with only 2 clicks - crypto bitcoin giveaway contest free airdrops airdrop ethereum neo tron ada dogecoin doge lewat fatpigsignals 
ham,Thank you sir lets keep it flowing 
spam,Regional Director Chicagoland Summer Camps - Galileo Learning - More Info Wearables jobs Hiring Careers Deerfield United States Cryptocurrency Blockchain BTC BitCoin ETH crypto  ğŸ“‹
spam,Robinhood Free Stock Giveaway create a Robinhood account amp get a stock like $AAPL $VZ $FB or $DIS for FREE stocks trading Wallstreet bitcoin NASDAQ Crypto cryptocurrency Business daytrading NYSE dayrtader invest money CNBC Robinhood  ğŸ’µ
spam,Bitcoin crypto Airdrop New Airdrop TrakInvest TrakInvest - The worlds first virtual social trading platform that crowdsources financial information to generate equity trading signals and ideas Earn Up to 2500 INR $2500 Join Here  ğŸ“¢ âœˆ ğŸ’° ğŸ’° ğŸš€
spam,The Hardware Bitcoin Wallet Get Trezor now for only 89 EUR btc bitcoin 12  
ham,Lyft IPO Beating Uber to the Punch Absolutely Crucial to Fuel Growth bitallcoins cryptocurrency bitcoin blockchain crypto ethereum btc litecoin money trading forex bitcoinmining eth bitcoins investing mining cryptonews icos 
ham,Dows 9-Week Rally in Jeopardy as Trump Trade Deal Hangs in Balance bitallcoins cryptocurrency bitcoin blockchain crypto ethereum btc litecoin money trading forex bitcoinmining eth bitcoins investing mining cryptonews icos 
ham,DrNEOphyte Hi Bitcoin Technical Analysis Unlocked next 2 movement for everyoneCheck out If you want to see E point for bitcoinDm me for details It is very important action BitcoinAltcoin Analysis amp Margin Trades  ğŸ‘¨ ğŸ’¼ ğŸ“Š ğŸ”“ ğŸ”“ ğŸ”” ğŸ‘¨ ğŸ’¼
ham,Bitcoin Exchange Security Tips How to Buy Bitcoin Safely  
ham,Facebook and Telegram Are Hoping to Succeed Where Bitcoin Failed  
spam,Regional Director Chicagoland Summer Camps - Galileo Learning - More Info Wearables jobs Hiring Careers Naperville United States Cryptocurrency Blockchain BTC BitCoin ETH crypto  ğŸ“‹
ham,Cryptojamaica Bitcoin krakenfx Dont give up on bitcoin I recommend smith to everyone I invest with smith and he really changed my life I got 13BtC into my wallet this is real and legit Im so happy working with smith I can guarantee everybody this text him on aicsmith53gmail Com or 1 260-468-7657 
ham,Looks like a questionable service based on screenshot but we can let it slide since CashApp only has bitcoin for the US $41 next  â¬‡
ham,STK PrivateSale is officially live 50% discount on ICO rate and 5% bonus STK for referring friends Dont miss it out referral blockchain fintech ethereum bitcoin tokensale crypto 
spam,Coinxes private sales starts TODAY the 1st of March Public sales starts on the 1st of June You can still register to join Bitcoin bitcoininvestment crypto cryptotrading bitcoin ico digitalcurrency digitaltrading coinxestrading privatesales  
ham,Bitcoin Bulls Jack Dorsey Elon Musk Steve Wozniak Bill Miller Peter Thiel Abigail Johnson Bitcoin Bears Jamie Dimon Warren Buffett Ben Bernanke Larry Fink Nouriel Roubini Joseph Stiglitz What side are you on 
ham,SoFi Moves Into Crypto read more here bitcoin ethereum icosuccess cryptotradernews 
ham,aantonop I will sell it and buy bitcoin and $kmd D 
ham,mdotbit The price of bitcoin isnt going up its that each person is buying less but I did think the same thing at firstDamn they got way more sats than me ğŸ¤£
ham,Malaysian bookstore with Bitcoin and crypto books on top of Finance category shelves  
ham,Vladislav Ginko Crypto Pensions Will Render Retirement Age Increases Unnecessary aging BabyBoomers retirement retire RetirementPlanning pension PensionScheme Bitcoin 
ham,HodlChihuahua Hi Bitcoin Technical Analysis Unlocked next 2 movement for everyoneCheck out If you want to see E point for bitcoinDm me for details It is very important action BitcoinAltcoin Analysis amp Margin Trades  ğŸ‘¨ ğŸ’¼ ğŸ“Š ğŸ”“ ğŸ”“ ğŸ”” ğŸ‘¨ ğŸ’¼
ham,If Square managed to sell ten thousands $BTC in a bear market imagine how much they will sell in a bull market 
ham,BULL Per DiarNewsletter more than half a million addresses now hold $4000-$40000 of bitcoin Thats 2x the 2015 bear market equivalent true believer base at 15x the price And the metric is growing again after a net flat negative 2018  ğŸ‚
ham,I came for the money I stayed for the revolution Next crypto related tattoo will probably be binance logo Only company in crypto space I trust Im sure that Binance will have a great future with their CEO czbinance bitcoin btc $btc $eth $ltc litecoin  ğŸš€ ğŸ˜
ham,JUST IN New improvements to an existing blockstream code repository are set to make it easier for developers to build their own features on bitcoins lightning network via alyssahertig 
ham,Keep a good eye on the website some big news comming in the next 10 days bitcoin blockchain cryptocurrency Anonymous privacy megaupload encryption pivx masternode  
ham,426426D Hi Bitcoin Technical Analysis Unlocked next 2 movement for everyoneCheck out If you want to see E point for bitcoinDm me for details It is very important action BitcoinAltcoin Analysis amp Margin Trades  ğŸ‘¨ ğŸ’¼ ğŸ“Š ğŸ”“ ğŸ”“ ğŸ”” ğŸ‘¨ ğŸ’¼
ham,Lets try a different type of torcha goal to get 49 other people to buy some bitcoin today I will start with $50 Next person could buy $49 and so on until we get down to $1 Post a screenshot of your purchase via CashApp stackingsats mattodell MartyBent  
ham,When your children ask you how did you help end the central banking system What will you answer bitcoin crypto money freedom future  
ham,pierrerochard I cant this time only following the livestream But Ill be at blockchain week in May maybe theres a Bitcoin dinner there as well 
ham,This year bitcoin BSV will have the platform Solidity and EOS promised to deliver and have failed to understand Bitcoin the way it was designed The system I defined in the Whitepaper Unbounded And a platform developers can use to build everything  
ham,HeyRhett Or may be take Bitcoin from people and giving them facecoin  ğŸ˜€
ham,Bitcoin $BTC update First green monthly candle since July 2018 Sidenote If you still have the ability to put skin in the game this late into a bear market consider yourself lucky What doesnt kill you makes you stronger Join the free chat  
ham,pcgv999 Hi Bitcoin Technical Analysis Unlocked next 2 movement for everyoneCheck out If you want to see E point for bitcoinDm me for details It is very important action BitcoinAltcoin Analysis amp Margin Trades  ğŸ‘¨ ğŸ’¼ ğŸ“Š ğŸ”“ ğŸ”“ ğŸ”” ğŸ‘¨ ğŸ’¼
spam,Bitcoin 101 A Detailed Guide for Beginners Link fintech blockchain crypto cryptocurrency business cybersecurity market futures finance Retweet 
ham,The onboarding experience is the biggest challenge to bringing new users into Bitcoin amp the Lightning Network Thrilled to see Radar tackling this head-on with ION radarion the easiest on-ramp to Lightning Check it out  
ham,Did you know that 70% of the Bitcoin mining is in China which means if the Chinese government want to they could destroy Bitcoin Give Digibyte 15 minutes of your research time and you will see it is the best decentralized and most secure crypto bar none 
ham, Building an API around Bitcoin and LND RPC with Nodejs and Express for fun and convenience Bitcoin LightningNetwork Nodejs âœ âš¡
ham,CryptoAndTravel Hi Bitcoin Technical Analysis Unlocked next 2 movement for everyoneCheck out If you want to see E point for bitcoinDm me for details It is very important action BitcoinAltcoin Analysis amp Margin Trades  ğŸ‘¨ ğŸ’¼ ğŸ“Š ğŸ”“ ğŸ”“ ğŸ”” ğŸ‘¨ ğŸ’¼
ham,Bitcoin and ethereum in the future will be the apple and Samsung of today 
ham,The United Arab Emirates and its neighbor Saudi Arabia launched a government-backed cryptocurrency to facilitate cross-border payments cryptocurrency bitcoin blockchain UAE  
spam,camponez Ive transferred your tip of 000037103 BCH $005 USD to Sokath42 BCHForEveryone BitcoinCash  
ham,Giving up lies like fiat will be very hard for many And there will be other lies that will be just as painful to abandon like a baby being weaned In the end they will all be weaned off of bitty and will move to Bitcoin What a great privilege it is to see it happening 
ham,What Bitcoin Did 81 Bitcoin Rationalism With Lily Liu  
ham,Economist and columnist of DECENTER Vladislav Ginko Crypto Pensions Will Render Retirement Age Increases Unnecessary aging BabyBoomers retirement retire RetirementPlanning pension PensionScheme Bitcoin 
ham,czbinance Moneycaller JoshRoomsburg Walmart Oreo SpendCard binance BinanceInfo Is $BNB a better money than Bitcoin I just want you to say it so you can lose what little credibility you have to the actual community 
spam,The Bitcoin Bug Which Created 184 Billion BTC Token Out of Thin Air  
ham,Is Bitcoin the Future of Money Peter Schiff vs Erik Voorhees via YouTube Ever since this interview everything Mr Gold has been proved that he was wrong do your research please 
spam,Thank you for supporting AIDUSofficial Project Aidus AIDUSofficial blockchain blockchaintechnology blockchainnews digitalcurrency crypto cryptocurrency ethereum ETH ethreumclassic stockmarket exchange bitcoin btc bitcoinnews bitcoininfo litecoin ğŸ˜Š âœ¨
ham,Thailand Bans Bitcoin Cash Ethereum Classic Litecoin from Trading Pairs amp ICOs  
ham,RT Igluenza ImagineTraffic shadownomics CardiShadow winternomics Like the Bitcoin OGs that still hodl their unsplit-prefork coins Im going to take a SuperPosition like desantis suggested amp hodl all Kaz hardforks kazonomics winternomics shadownomics â¡ â¡
ham,People still dont care about financial privacy My latest for BreakerMag touches on banknotes Venmo bitcoin zcash and prepaid debit cards  
ham,Op Ed Defining Decentralization How Ambiguity Continues to Divide Crypto Bitcoin Blockchain Op-Ed 
ham,Futures Exchange Promises Zero-Fees Startup Hits One Million Sign-Ups for Waitlist Where to Earn free bitcoins Bitcoin BTCPeek FreeBitcoin BTC FreeBTC Money cryptocurrency crypto blockchain Hezbollah FelizMartes TuesdayMotivation  ğŸ“¢
ham,arrangedchaos Hi Bitcoin Technical Analysis Unlocked next 2 movement for everyoneCheck out If you want to see E point for bitcoinDm me for details It is very important action BitcoinAltcoin Analysis amp Margin Trades  ğŸ‘¨ ğŸ’¼ ğŸ“Š ğŸ”“ ğŸ”“ ğŸ”” ğŸ‘¨ ğŸ’¼
ham,Everyone is free to choose and take the consequences You wont be able to coerce others Everyone will be able to see right through you because reality will scream that youre wrong This will happen with Bitcoin Fiat will become unnaceptable because it is false 
spam,Today at 1pm Tech Scene Chicago broadcasts live on 1055 FM lumpenradio with guests Hannah Rosenberg and Jeremy Cogan from bchaininstitute and George Vukotich and David Carman from FinTankChicago blockchain bitcoin education crypto fintech technews chicagotech chicago  
ham,FridayFeeling - lets revolutionize the world bitcoin  
ham,DECENTER Vladislav Ginko Crypto Pensions Will Render Retirement Age Increases Unnecessary aging BabyBoomers retirement retire RetirementPlanning pension PensionScheme Bitcoin 
spam,I think that this project has a strong team which has experience for future development this is a good project for investment Toqqn ico crypto bitcoin ethereum blockchain btc 
ham,Dows 9-Week Rally in Jeopardy as Trump Trade Deal Hangs in Balance news bitcoin crypto cryptocurrency ethereum blockchain 
ham,Square bought over 10000 BTC in Q4 2018 Only 160000 BTC were mined in Q4 2018 via rBitcoin bitcoin 
spam,Bitcoin Satoshi crypto blockchain Airdrop New Airdrop Griffex Griffex is airdropping up to 9400 GFX to their community members Estimated Value $94 1 Sign Up Here 2 complete easy social tasks 3 1000 GFX by ref  ğŸ“¢ âœˆ ğŸ’° ğŸ’° ğŸš€
spam,FUJI TOKEN LISTING ON HOTBIT 100K FUJI TOKEN airdrop each for 500 people Name FUJI TOKEN Symbol FUT Total supply 10 billion Follow Retweet Comment ETH ads Btc airdrops blockchain selfdrop ico eth bitcoin cryptocurrency yobit binance hotbit eth eos trx  
spam, Telcoin is the future of sending money worldwide check out this video bitcoin Cryptocurrency blockchain Telcoin Coinmarketcap 
ham,The moment you realize bitcoin is advertisings biggest threat  
spam,Watch the CasaHODL team feast on pizza and talk self-sovereignty on Tuesday 
ham,The TOQQN presents an opportunity to excite a workforce to break their habits and earn rewards for learning expediting modernization and improving morale Toqqn ico crypto bitcoin ethereum blockchain btc 
ham,Altcoin is a combination of two words alt and coin signifying alternative cryptocurrency The Bitcoin as the first peer-to-peer digital currency has paved the way for many to follow There are more than 2090 cryptocurrencies in the market as of today Crypto101  
ham,The truth is beautiful and pure It is outside and apart from opinion It is always there unemotional neutral reliable Its calm steady and unchanging You can build on the truth and things that are true Thats why software works and its why Bitcoin is so very powerful 
ham,Crypto is making waves catch the wave  ğŸŒŠ ğŸŒŠ ğŸŒŠ ğŸ’²
spam,TOQQN Interesting project and interesting concept One of the best to date It is my great pleasure to participate and follow all the news Toqqn ico crypto bitcoin ethereum blockchain btc 
ham,bkunzi01 Bitcoin NanoTipBot tip 02 bkunzi01 this nano tip is on chain check blockexplorer 
ham,Facebook Secretly Talking with Bitcoin Exchanges about Listing its WhatsApp Cryptocurrency  
ham,iwearahoodie bascule Well I know your pain And thats exactly what grinMW can do Bitcoin is not a medium of exchange but a store of value where different principles apply 
ham,Bitcoin Price Sees Further Consolidation as the Bulls and Bears Lack Conviction  
spam,BITCOIN OX TOKENS 10 Billion Airdrop for first 1000 people 10000 BOX EACH Name BITCOIN OX TOKEN Supply 10000000000 Symbol BOX Follow Retweet Comment ERC20 ico airdrop eth promo blockchain giveaway TokenSale 
ham,If youre a business owner thinking of using crypto micropayments you need to read this unfiltered review of the Lightning network Instead of Lightning you should strongly consider XRPs Paychan  
ham,Bitcoin Price Sees Further Consolidation as the Bulls and Bears Lack Conviction - Hacked  
ham,CryptoDuck9 aantonop People will come to bitcoin by learning either from reading about it out of curiosity or from having their chosen fiat currency blow up in their face and having no choice Guess which one will be more profitable 
ham,I say Stronger Together BTC LTC LN BitcoinFam and LitecoinFam need to realize a Eco-system is being built In some use cases it will be better to use LTC vs BTC and vice versa The compatibility compliments Embrace it StrongerTogether ATOMIC LAPPS CT âš¡
ham,$ADK already has two banks in non-AEOI countries and will start online banking This will allow you to have accounts in non-AEOI countries from all over the world And we will regain the form of an old free bank Aidoskuneen AidosMarket EOS XTZ Tezos BITCOIN ETH XRP  
spam,camponez Ive transferred your tip of 000037103 BCH $005 USD to LuanSperandio BCHForEveryone BitcoinCash  
spam,Meet Crypto Current Conference Speaker James Oliver - Crypto Lawyer amp Mining Expert Legal Matters taxes accounting and opportunity zones panelist More info here gtgt cryptocurrency bitcoin altcoin  
null,Stanford Student Calls Out Crypto Professor for Inaccurate Bitcoin Lecture  
spam,BTC and Lightning Network 2017 vs 2019 Vaporware derose retweet fintech crypto cryptocurrency blockchain bitcoin payment LightningNetwork lightningtorch bitcoincash bch nathanielpopper iwearahoodie  
ham,bitcoin magazine op ed defining decentralization how ambiguity continues to divide crypto  
ham,Are You Good Enough to Ride the Next Bitcoin 4-year Cycle via YouTube 
ham,I was wrong Bitcoin isnt useful except in theory yet to 999999% of the world Congrats on being super early 74 billion nocoiners HODLharder 
spam,RT TO GET NOTICED dm me sugar babies for sure cash out no bursting when bitcoin Is involved If you have a bank or cc dm sugarbabywanted sugarbabyneeded SugarBabyTwitter sugarbabylife SugarBabies sugardaddymeet sugardaddies sugardaddytwitter Sugarmummy sugarbaby 
ham,Crypto News What Bitcoin Did 81 Bitcoin Rationalism With Lily Liu  
ham,Crypto News US Mt Gox Victims Notch Legal Win Against CEO of Infamous Bitcoin Exchange  
ham,dotmops alistairmilne Yes it is weird Perhaps they dont always have the bitcoin So they use delay tactics 
spam,10 Amazing Crypto Apps for February 2019 read more here bitcoin ethereum icosuccess cryptotradernews 
ham,Crypto News The Bitcoin Bug Which Created 184 Billion BTC Token Out of Thin Air  
ham,Also mrfelton roasbeef r0ckstardev hodlonaut eiprol lnzap amp tons of people I dont know And thanks aantonop NickSzabo4 adam3us francispouliot MartyBent mattodell niccarter saifedean misirmahmudov bquittem for your contributions to the Bitcoin ecosystem  ğŸš€
ham,Crypto News Bitcoin BTC shaking off Bears New Californian BitLicense May Slow down Bulls  
ham,mdudas francispouliot That dude has done a lot for bitcoin but is pretty toxic Blocked me for asking a legitimate question 
ham,Do you believe in a Parallel Universe I do them hollows official my man almost made it out the hood with BitCointil he had to swallow a NICKLE they put an apostle against you a beast with the most hostile of issues ready to snatch the gospel within you I rap diffrent 
ham,I LOVE this deletecoinbase movement due to their recent acquisition Its proof to the outside world that we really do care about freedom and liberty and its not just virtue signaling with the ultimate goal of pumping Bitcoin 
ham,Daily Crypto Report - Ethereum is expected to upgrade in 12hrs - Independent Blockchain RampD is gaining traction in China - Putin puts deadline on Digital Asset regulation in Russia bitcoin ethereum cryptocurrency digitalasset china russia  
ham,jack if I tip you satoshis with lightning will you verify me Thanks bitcoin lightningnetwork âš¡
spam,Bitcoin Satoshi crypto blockchain Airdrop New Airdrop Springrole SpringRole is airdropping 100 SPRING amp 100 SPRING by referral Token price 1 ETH 50000 SPRING 1 Sign Up Here 2 Link your Linkden profile 3 100 SPRING by ref  ğŸ“¢ âœˆ ğŸ’° ğŸš€
ham,ALMOST EXACTLY 1 YR AGO I CALLED THE BITCOIN COLLAPSE SINCE THEN IT HAS GONE FROM ABOUT $19K TO LESS THAN $4K I SAID KEEP 12 amp SELL 12 NONE OF U FOLLOWED MY SAGE ADVICE OF COURSE THIS HASNT BEEN MY ONLY CALL ILL HAVE MORE CALLS FOR 2019  
ham,Bitcoin is not a list of cryptographic features its a very complex system of interacting mathematics and protocols in pursuit of what was a very unpopular goal - NickSzabo4  
ham,By decoding Bitcoins value Tobias Huber a phd candidate at ETH finds Bitcoin to be a new exit technology trustsquare  
ham,RT if you think Airbnb should start accepting $BNB They should also accept Bitcoin but Im a sucker for wordplay binance czbinance binance  ğŸ¤¯
spam,engelsizbestepe tcbestepe Get innovative crypt awards even more from Wirex Friend-Friend allows you to earn free Bitcoin by inviting your friends and family to join Wirex and Cryptoback gives you a BTC refund at all stores purchased with the Wirex Visa card Click here for wirexappcomrgalys 
ham,If you cant fight it You havent the right tools Let blockchain be your privacy tool blockchain CRYPTO bitcoin investments encryption ico Airdrop privacy securemessage  
ham,Federal Reserve May Add Bitcoin Crash to Stress Test Scenarios - CoinDesk  
ham,Bitcoin Ended Its Longest Losing Streak Since Forever bitcoin crypto blockchain btc news eth ltc xrp 
ham,danheld Yes stay healthy bc according to saifedean only 2 things are really scarce human time and bitcoin 
ham,BitcoinMagazine paullinator EdgeWallet The goal of bitcoin $BTC is to take control our own money without centralized parties controling the money right 
spam,C r y p t o C a r d Asia Africa Europe America USA Canada Australia CryptoPay Payments Finance CryptoCard CryptoWallet eCommerce Bank CryptoCurrencies Bitcoin Altcoins Token Domain Sale  âœ” â¡ ğŸ” ğŸ’³
ham,The search for freedom in a kinda lawless place A look at the loose anarchist enclave in Acapulco by me for WIRED  
ham,$BTC - I closed my shorts from yesterday No closes below 3770 My next area of interest is Red My overall thoughts remain the same Every bounce is an opportunity to add onto a short position or short higher Argument invalid above 3960 Bitcoin  
ham,$SSOK MONSTER RUN COMING NEXT WEEK GET SOME TODAY $BTC $LTC $ETH $XRP $BSV $BCH $XLM $EOS $TRX $DASH $QTUM bitcoin crypto blockchain cryptocurrencies litecoin ripple ethereum stellar  
spam,BITCOIN OX STARTS BY 1200 am tonight DO WHATS RIGHTWE WONT BE SORRY IF YOU MISS THIS OPPORTUNITY Name BITCOIN OX TOKEN Supply 10000000000 Symbol BOX Follow Retweet Comment ERC20 ico airdrop eth promo blockchain giveaway TokenSale  ã€½ ã€½ ã€½ ğŸš€
ham,While waiting for elonmusk and kobebryant heres another thought VitalikButerin are you down LNTrustChain Bitcoin  âš¡
ham,Heres my honest feedback on the lightning network and Bitcoin I run a media company Its based in Australia I employ some people in the Philippines to help with back end stuff and some grunt work I want to pay them with Bitcoin But theres a problem 
ham,Comparing Facebook coin to Bitcoin shows how many people still dont understand why BTC was created And saying FB coin is better than BTC is just hilarious hoping to succeed where Bitcoin failed Give me a break  
ham,Maduro is taking Venezuelas gold reserves amp selling them off in a move deemed illegal by his own legislators If those reserves were in bitcoin a multisig arrangement would mean that a single despot could never embezzle from his own country Long bitcoin short the dictators  
ham,National net wealth US $98T China $51T Japan $23T Germany $145T UK $142T France $138T Italy $106T Canada $83T Australia $76T Future reserve currency Bitcoin $68B I think there may be room to grow still  ğŸ¤”
ham,TBJGUN Bitcoin Technical Analysis Unlocked next 2 movement for everyoneCheck out If you want to see E point for bitcoinDm me for details It is very important action BitcoinAltcoin Analysis amp Margin Last %970 Profit  ğŸ“Š ğŸ”“ ğŸ”“ ğŸ”” ğŸ‘¨ ğŸ’¼ âœ… â–¶
ham,$SSOK MONSTER RUN COMING NEXT WEEK GET SOME TODAY $BTC $LTC $ETH $XRP $BSV $BCH $XLM $EOS $TRX $DASH $QTUM bitcoin crypto blockchain cryptocurrencies litecoin ripple ethereum stellar ipoguy  
ham, SaleLease Pay monthly installments by arrangement bitcoin cryptocurrency blockchain Ethereum bitcoins cryptocurrencies crypto fintech BTC ETH ripple business Entrepreneur CryptoNews BusinessStrategy coin coins numismatics coincollecting 
ham,ThatKevinSmith here is something i think youll dig for the next Smodcast  
spam,bitcoin donation adress is 1NVNeGryRdNycGEqDv8KqFwUHNpadScU3q Please help my children donation 
spam,You get a crypto currency every day without doing anything $BTC $ETH $ETC $BCH $ZEC Easy to register You can be a millionaire With opportunities in hand bitcoin mining  
ham,Total world Sovereign funds $75T Pension funds $181T Stock market $73T Mutual funds $40T Real estate $228T Wealth $317T Money $80T Gold $75T ETFs $5T Bitcoin $0068T Still think you missed the boat We havent even figured out how to build the boat yet 
ham,In Depth Can Bitcoin Be Traced Coinnounce  
ham,Binance Moves More Bitcoin In A Day Than Square Did in All of 2018 - CCN  
ham,thebryman530 ObiObvi Soros is turning the frikin Bitcoin geh  
spam,Pre-Satoshi Pre-Bitcoin Meet the real OGs of crypto on our new YT show Meet the Block Producers 1st episode is up featuring Top 21 BP eyal of LiquidEOS where for the 1st time he discusses the DAPP protocol w me and bensig eosproxy brockthevote  
ham,In the pursuit of mass adoption decentralization shouldnt be our goal but instead a means to achieve the many different and equally important goals that exist for bitcoin and cryptocurrency users paullinator CEO of EdgeWallet  
ham,Another Tech Guru Said They Still Believe In Bitcoin Despite Price Crash Forbes  
ham,WisellCarie Justaamess Hi Bitcoin Technical Analysis Unlocked next 2 movement for everyoneCheck out If you want to see E point for bitcoinDm me for details It is very important action BitcoinAltcoin Analysis amp Margin Last %970 Profit  ğŸ‘¨ ğŸ’¼ ğŸ“Š ğŸ”“ ğŸ”“ ğŸ”” ğŸ‘¨ ğŸ’¼ âœ… â–¶
spam,American Teen Gets 11 Year Sentence For Pro-ISIS Tweets That Taught People How To Use Bitcoin Techdirt  
ham,Sorry Jason but Bitcoins base layer wont become a tragedy of the commons Deal with it  
spam,Bitcoin Satoshi crypto blockchain Airdrop New Airdrop GOZO Reward Free 1150 Gozo Tokens Refer Reward Free 400 Gozo Tokens Price 23$ 8$ Ref 1 Register Here 2 Verify your Email 3 Additional 400 GOZO by Referral  ğŸ“¢ âœˆ ğŸ’° ğŸ’° ğŸš€
spam,Earn Bitcoin Mining with New CRYPTOTAB BROWSER altcoins cryptocurrencies blockchain earnmoney Cryptos token  âŒ¨
ham,Bitcoin Lights First Green Candle in 8 Months Has Accumulation Begun stocks cryptocurrency technology funny blog 
ham,Who uses Bitcoin Bitcoin BTC $BTC DigitalAssets Cryptocurrency CryptoInvestments CryptoMarket CryptoTrading CryptoPrice Blockchain Crypto CryptoNews NostrumCoin NostrumEX CryptoExchange  
spam,Ripples XRP Is Now Available to Users on and Coinbase Mob cryptocurrency bitcoin ico  
ham,Talk about exposure mass adoption If Apple follows suit with the iPhone then BOOM Samsung crypto bitcoin ethereum xrp technology blockchain  ğŸ’¥
ham,for example the government should require that all bitcoin mining be powered by renewable energy only it is hugely polluting due to energy requirements 
spam,BTCETHETCLTCBCHMONA Please please give me a little earlier Christmas present Bitcoin VirtualCurrency 
spam,Get 3% OFF On GenesisMining CloudMining With PromoCode jywAkr Start Mining Article Dows 9-Week Rally in Jeopardy as Trump Trade Deal Hangs in Balance bitcoin investment blockchain 
ham,ThunderCore raises $50M from Arrington XRP Pantera SV Angel others for its blockchain platform that it claims can be 100X faster than Ethereum and Bitcoin deantak VentureBeat  
spam,We got 3 days left in Phase 1 of the Crowdsale Dont miss out on up to 40% off your WUG Tokens watchugot crowdsale hurry countdown blockchain charity challenge app crypto cryptocurrency btc eth bitcoin fintech  
spam,Tradecipher makes professional crypto investment easy for you Get up to 1 Year of Goldlight Crypto Research $119 and A Chance to Win 01 Bitcoin $390 by joining the TradecipherCrypto Waitlist  
ham,realRedH4T BitcoinMagazine paullinator EdgeWallet Dont give up on bitcoin I recommend smith to everyone I invest with smith and he really changed my life I got 13BtC into my wallet this is real and legit Im so happy working with smith I can guarantee everybody this text him on aicsmith53gmail Com or 1 260-468-7657 
ham,TorontoWillson Hi Bitcoin Technical Analysis Unlocked next 2 movement for everyoneCheck out If you want to see E point for bitcoinDm me for details It is very important action BitcoinAltcoin Analysis amp Margin Last %970 Profit  ğŸ‘¨ ğŸ’¼ ğŸ“Š ğŸ”“ ğŸ”“ ğŸ”” ğŸ‘¨ ğŸ’¼ âœ… â–¶
ham,Great news I like the company grow Believe in your success this year Carefully following your development I joined the project and will strongly support him Toqqn ico crypto bitcoin ethereum blockchain btc 
spam,Match time 1930 GMT Cagliari vs Inter Bet at by bitcoin btc soccer  
ham, is here Harpia left amp Turpial right nodes hardware arrived Working on the demo w the two node types that Locha Mesh will have as a basic setup Bitcoin txs amp messages without internet access are closer Harpia mesh Bitcoin full LightningNetwork Blockstream  ğŸ… ğŸ›°
ham,Profit when Bitcoin is crashing Up to 100x Leverage long and short $MONA $BAT $MCO $PPT $ELA $MANA $NEO $VET $DASH $SNT $BTG $MXM $BNB $LKY $USDC $NANO $XEM  ğŸ“‰ ğŸ“‰ â¡ ğŸ’° ğŸ’
ham,itcoin10 Hi Bitcoin Technical Analysis Unlocked next 2 movement for everyoneCheck out If you want to see E point for bitcoinDm me for details It is very important action BitcoinAltcoin Analysis amp Margin Last %970 Profit  ğŸ‘¨ ğŸ’¼ ğŸ“Š ğŸ”“ ğŸ”“ ğŸ”” ğŸ‘¨ ğŸ’¼ âœ… â–¶
ham,Bitcoin Ended Its Longest Losing Streak Since Forever DigitalAssets Cryptocurrency BTC Bitcoin $BTC CryptoPrice CryptoMarket CryptoTrading FinTech CryptoInvestments Crypto Blockchain CryptoNews NostrumCoin NostrumEX CryptoExchange 
spam,Watch the CasaHODL team feast on pizza and talk self-sovereignty on Tuesday  
ham,Auction of Seized Bitcoin Draws Interest From 110 Countries BTC Bitcoin $BTC DigitalAssets Cryptocurrency CryptoAuction CryptoInvestments CryptoMarket CryptoTrading FinTech Crypto Blockchain CryptoNews NostrumCoin NostrumEX CryptoExchange 
spam,RTErdogan tcbestepe Get innovative crypt awards even more from Wirex Friend-Friend allows you to earn free Bitcoin by inviting your friends and family to join Wirex and Cryptoback gives you a BTC refund at all stores purchased with the Wirex Visa card Click here for wirexappcomrgalys 
spam,I think you should invest in this project and also support and be with it since this project has very high potential and can make your investments very profitable in the future Toqqn ico crypto bitcoin ethereum blockchain btc 
ham,$BTC In 34 minutes we will end the biggest monthly losing streak in Bitcoins history Hallelujah  ğŸ™Œ
ham,Speranza1 Hi Bitcoin Technical Analysis Unlocked next 2 movement for everyone Check out If you want to see E point for bitcoinDm me for details It is very important action BitcoinAltcoin Analysis amp Margin Last %970 Profit  ğŸ‘¨ ğŸ’¼ ğŸ“Š ğŸ”“ ğŸ”“ ğŸ”” ğŸ‘¨ ğŸ’¼ âœ… â–¶
ham,webbieguy ryscar13 jongulson davidgerard banks dont care about bitcoin hence why theyre creating their own internal PRIVATE blockchain digital assets check the news sir any value storage and transfer is a commodity youre completely contradicting yourself 
spam,The best mobile wallet I have tried is about to kick it into overdrive - Bitcoin revolution is underway and its being led by BitcoinSV BSV  
ham,Chinese Bitcoin Miners Set to Activate One Million Mining Machines CryptoMining Bitcoin BTC $BTC China Crypto Technology Blockchain CryptoMarket CryptoTrading Cryptocurrency DigitalAssets CryptoNews NostrumCoin NostrumEX CryptoExchange 
ham,Do you believe in a Parallel Universe I do Its definite its funny this hell hole made a nigga who was heaven sent turn devilish incredulous no revelations just death thru project testaments too close to the edge my brood spear headed this decade of decadence BAR GOD 
spam,HUDDLE AIRDROP55 up to 10000 HUDDLE Huddle will be listed IDEX on 4 March Click link Do social media tasks Refer and earn more Earn up to 10000 Huddle Claim Airdrop Airdrop Bounty Bitcoin  ğŸ“£ ğŸŒŸ ğŸŒŸ ğŸŒŸ ğŸŒŸ ğŸŒŸ ğŸ’° ğŸ’µ ğŸ’µ ğŸ’µ ğŸ”¸ ğŸ”¸ ğŸ“Œ ğŸ“Œ ğŸ“Œ ğŸ”¸ ğŸ˜ ğŸš€
ham,sjwhitworth swissairlines Ha now I get bitcoin follows 
spam,TOQQN Token A very interesting idea Im sure it will be in great demand I am sure that everything will work out as the project is very big and comfortable Toqqn ico crypto bitcoin ethereum blockchain btc 
spam,We need 1261 BTC $50k to hire the devs full-time for 3 months to make the mesh devices a reality If you donate $1k you will get 3 Turpial nodes which d let you have a mesh in your living room bitcoinbc1quxkp0kd9w2mgsw82a6uhax0ev5er9javqlk7aj 12 
ham,The crypto market is flexing hard today Bitcoin XRP Cardano crypto 
ham,In Depth Can Bitcoin Be Traced bitcoin crypto blockchain btc news  
spam,Why DAPS matters A summary in 3 points read all about it on $DAPS DAPSfam DAPS DAPSisComing DAPStoken DAPScoin ERC20 bitcoin BTC token ETH ETF LTC etherium ECA blockchain privacy cryptocurrency coins  
ham,Ravencoin currently selling in at the 390-393 Satoshi range with a trading Volume of 43131 on BittrexExchange blockchain bitcoin ethereum crypto love technology hype invest happy RVN future markets RallyTogether security safety ğŸ¤—
ham,Bitcoin has witnessed indecisive trading in the last 48 hours and would turn bullish again if prices rise above $3897 reports godbole17 
ham,cryptony Hi Bitcoin Technical Analysis Unlocked next 2 movement for everyoneCheck out If you want to see E point for bitcoinDm me for details It is very important action BitcoinAltcoin Analysis amp Margin Last %970 Profit  ğŸ‘¨ ğŸ’¼ ğŸ“Š ğŸ”“ ğŸ”“ ğŸ”” ğŸ‘¨ ğŸ’¼ âœ… â–¶
spam,WHATS UP WITH HTMLCOINWait no longer Check it out now Bitcoin Ethereum Hybrid Althash Blockchain iOS Android mobile wallet ğŸ‘‰ ğŸ‘ˆ
spam,Davincij15 is giving away 1 bitcoin live on fudtvofficial when they reach 1000 likes retweet 
ham,Episode 69 of Bitcoin And is LIVE Topics for today geoffgolberg is doing great work with Twitter analysis timjacobwise wants to forcibly medicate AlexJones MoisesRendon tells Congress about Bitcoin Plus Martys Bent TheDailyTrainREKT  
ham,THIS TUESDAY IN NYC join me the CasaHODL squad jeremyrwelch TheBlueMatt for a celebration of the bare essentials Bitcoin Lightning Pizza and Beer foldapp  âš¡ ğŸº ğŸ• ğŸ¤¯
ham,Literally nobody on that list is hostile to bitcoin Where do you get these ideas 
ham,pouyanroohi I mine bitcoin using the Bitman antminer S9 by you connecting your bitcoin wallet to my S9 antminer you can earn bitcoin 
ham,Security audit funded by Bitcoin SV discovers and fixes vulnerabilities in BTC BCH BSV  
ham,francispouliot BullBitcoin Given the failure of 10 years thousands of developers and billions of dollars to make Bitcoin usable for general transactions I find it implausibly pessimistic to say that only Bitcoin matters The future is much brighter than that 
ham,IBM Crypto Head Sees Bitcoin at USD 1 Million Someday Will Bitcoin reach 1M USD Lets check it out here Source Faireum news BTC ETH XRP ADA BCH crypto cryptocurrency blockchain security scalability IBM USD 
ham,fnietom So noobs who just bought Bitcoin for the first time always appreciate the asset have stronger hands than long time hodlers Thats interesting 
ham,OfWudan You know if you can wrangle Bitcoin into this your onto a winner  ğŸ¤£
ham,Can you feel it now pulse check I have never more excited to be working on Bitcoin exclusively full-time as I am this very moment 
ham,Are you in Brazil Well make sure to check out Dash on CoinbeneBrasil Not in Brazil Well you might still be able to access greater Dash liquidity through CoinBene Cryptocurrency liquidity is important for both consumer amp merchant adoption DashPay FinTech ğŸš€ ğŸ’¯
spam,Avalonminer 741 73 THs The Best Bitcoin Miner Mining Compare to S9 T9 eBay  
spam,Bitcoin crypto Airdrop New Airdrop Bitdepositary Win BDT and join the ZERO TRADING FEE BDT Exchange waitlist Top 10 Users get each Person 10000 BDT $1000 1 Sign Up amp Verify email 2 Complete some tasks 3 BDT by ref  ğŸ“¢ âœˆ ğŸ’° ğŸš€
ham,Thai SEC- $XRP Gets Green Signal with Other Top Coins as Eligible Cryptocurrency To Use in ICO xrp xrpcommunity XrpMr digitalassetbuy DiepSanh APompliano BankXRP XrpMr XrpYoda xrpnews Lichking78 boncryp CKJCryptonews Ripple btc Bitcoin  
ham,This is what bitcoin crypto is about Freeing yourself from the control of centralized currency  
spam,Last Chance To Join The bcbitcoin Crypto Giveaway 25000 BitTorrent BTT Up For Grabs Winner Announced Today 400PM Follow Like amp Share BC Bitcoin To Enter And Be In With A Chance To Win  ğŸ“ˆ ğŸš€ ğŸ“Š ğŸ’°
ham,ThunderCore raises $50M from Arrington XRP Pantera SV Angel others for its blockchain platform that it claims can be 100X faster than Ethereum and Bitcoin Dean TakahashiVentureBeat TechNews TechTips  
ham,ThunderCore raises $50M from Arrington XRP Pantera SV Angel others for its blockchain platform that it claims can be 100X faster than Ethereum and Bitcoin Dean TakahashiVentureBeat via Techmeme  
ham,Diffrent between a security expert and a intruder is determined by their ethics Ethics makes blockchain a long term winner blockchain CRYPTO Bitcoin Anonymous SecurityTokens Airdrop ICO megaupload piratebay torrent  
spam,The Blockchain Daily is out Thanks to CirrusDataUSA blockchain bitcoin 
spam,Its LIVE Trade here tokensale bitcoin btc ethereum eth empirecash EMPC cryptocurrency crypto cryptonews cryptotrading blockchain investincryptocurrency ico latoken cryptoexchange investincrypto altcoins altcoin  
ham,$BTC bitcoin Laser Edition - Two trendlines I find very interesting - Very similar - Purple breakout retest - Pink still in downtrend testing trend - memelines more for fun than srs ta  
ham,New blog post on Medium - The blockchain backed solution for sexworkers blockchain Crypto bitcoin Ethereum ETH future love 
ham,Unpopular opinion Lightning is shit It violates the Bitcoin core principles it is a half assed attempt to scale Bitcoin which cant be scaled in terms of tps because of its fundamental principles PS I actually like Bitcoin thats why 
spam,SaharaReporters Earn free Bitcoin daily by clicking and reading ads Sign up with the link below  
ham,Notes from joeykrug during tonights inside PanteraCapital by Cryptonite how crypto change finance 1 247 money never sleeps 2 Inherently global binance definitely beats coinbase here 3 Cutting the middleman and the fat 4 Bitcoin will be gt3500 but lt25000 in 2022 
ham,Apple has added Ripples XRP token to the stock market application $XRP has started to rise xrp xrparmy xrpcommunity XrpMr digitalassetbuy DiepSanh APompliano BankXRP XrpMr XrpYoda xrpnews Lichking78 boncryp btc Bitcoin  
spam,Avalonminer 741 73 THs The Best Bitcoin Miner Mining Compare to S9 T9  
spam,O - OPEN Open an account with us today to buy cryptocurrency with your credit card directly from your local bank account BitcoinEthereum Dash Tron  
ham,Stellar XLM Cryptocurrency APPROVED By Thailand SEC bitcoin dollar cryptocurrency stocks money finance gold banks investor news blockchain 
ham,Start trading today make huge profit Chanel your fear and start making money today bring and end to your financial problems SouthAfrica blockchain UnitedStates forex Crypto cryptocurrency bitcoinprice bitcoin binaryoptions 
ham,iwearahoodie BrickstringTech Hanakookie1 DanielKrawisz Your either really dumb or your trolling me - Probably both there are no bank accounts in bitcoin you moron - It works off UTXOs What on earth does blocksize have to do with the holding of a private key 
ham,weissjeffm aantonop Please explain When you blow up all your wealth how will you bring money to buy bitcoin  ğŸ¤”
ham,Iranian banks lay plans to tokenize gold real estate assets on the blockchain Irans biggest banks have joined forces towards a vision of tokenizing assets on a private blockchain platform that may start officially operating by March 20th Bitcoin crypto Ripple ğŸ’¥
ham,DegenSpartan AlexSaundersAU tinkercrypto synthetixio Hi Bitcoin Technical Analysis Unlocked next 2 movement for everyoneCheck out If you want to see E point for bitcoinDm me for details It is very important action BitcoinAltcoin Analysis amp Margin Last %970 Profit  ğŸ‘¨ ğŸ’¼ ğŸ“Š ğŸ”“ ğŸ”“ ğŸ”” ğŸ‘¨ ğŸ’¼ âœ… â–¶
spam,The most promosing ico support us by investing your money as soon as possible The project provides many benefits for investor this is a very cool ICO friends I advise everyoneToqqn ico crypto bitcoin ethereum blockchain btc 
ham,nChain are head and shoulders the leaders in crypto space innovation  
ham,Lightning Network update for Bitcoin and Litecoin of Nodes Bitcoin 68521861% Litecoin 154 166% Channels Bitcoin 30738 341% Litecoin 949 387% Capacity Bitcoin 73215 BTC 19% Litecoin 13161 LTC 100%  
spam,TOQQN - a very profitable tokens You havent bought Buy Profit and stability in the first place Toqqn ico crypto bitcoin ethereum blockchain btc 
ham,Op Ed Defining Decentralization How Ambiguity Continues to Divide Crypto XBT BTC Bitcoin 
ham,Bitcoin Price Analysis The Third Attempt At Breaking Out Above $3980 Was Unsuccessful Is a Triple Bottom In Store - Coingape  
ham,Kind of magic do you agree crypto bitcoin BTC cryptocurrency cryptoexchange Bitfinex Trader ethfinex  ğŸ’« ğŸŒŸ â­ âœ¨
ham,Another great partnership in our way during mass adoption with a promising partner cloverdex $ECA ECA PaywithElectra  
ham, AceD - Making Progress Not Excuses AceD AceDcoin acedpoker AceDFam bitcoin cryptotwitter mrcryptocash altcoins Coinbase cryptonews masternode  ğŸ¤‘ ğŸ¤‘ ğŸ¤‘ ğŸ¤‘ ğŸ¤‘ ğŸ¤‘ ğŸ¤‘ ğŸ¤‘ ğŸ¤‘
spam,Great news Its have big future You make smart and useful projectA promising project which deserves your attention Toqqn ico crypto bitcoin ethereum blockchain btc 
ham,Analyst Bitcoin Faces Serious Demand Problem Despite BTC Holding Above $3800 Support Level cryptocurrency feedly 
ham,ThunderCore raises $50M from Arrington XRP Pantera SV Angel others for its blockchain platform that it claims can be 100X faster than Ethereum and Bitcoin Dean TakahashiVentureBeat  
spam,QBE will be listed on BITKER feneroio more details BITCOIN btc ETHEREUM ETH eos eosio neo iost CyberSecurity fintech cryptocurrencies IOT  
ham,That was a hard time for me trying to find such cryptogolds like this project Be in toach with me and there will be other projects that are perfect to be invested in ICOHCXPAY HCXPAY bitcoin HealthCombix 
spam,Bitcoin crypto Airdrop New Airdrop p2pb2b Airdrop Contest Is Live on p2pb2b Trading Platform Win your 1 million Tokens Just Register Here  ğŸ“¢ âœˆ ğŸ’° ğŸš€
ham,ReijoKuha Hi Bitcoin Technical Analysis Unlocked next 2 movement for everyoneCheck out If you want to see E point for bitcoinDm me for details It is very important action BitcoinAltcoin Analysis amp Margin Last %970 Profit  ğŸ‘¨ ğŸ’¼ ğŸ“Š ğŸ”“ ğŸ”“ ğŸ”” ğŸ‘¨ ğŸ’¼ âœ… â–¶
spam,We are GLAD to announce that the first 001 BTC Giveaway campaign is officially live Click to participate and win 001 BTC bitcoin btc btcfaucet 
ham,M3llowYell0w Hi Bitcoin Technical Analysis Unlocked next 2 movement for everyoneCheck out If you want to see E point for bitcoinDm me for details It is very important action BitcoinAltcoin Analysis amp Margin Last %970 Profit  ğŸ‘¨ ğŸ’¼ ğŸ“Š ğŸ”“ ğŸ”“ ğŸ”” ğŸ‘¨ ğŸ’¼ âœ… â–¶
spam,Whether market is up or down Securypto project will keep developing Read all about the huge progress bitcoin Crypto ico icos Airdrop Blockchain DASH TRX SiaCoin storj  
ham,iamDCinvestor 10 years history of Bitcoin have proven 1 thing crypto payment wont achieve mainstream adoption due to price volatility Crypto payment only make sense with stablecoins involved The whole DeFi experiment is way more interesting than singular focus on LN 
ham,FloweeTheHub Another earlyprolific bitcoin dev was Mike Hearn But Mr Hearn is convinced it is already too late for BTC-2016 But there ARE Open P2P Cash alternatives that have NOT had scaling artificially limited 
ham,$GBTC $457 this is a bitcoin trust stock OTC stock it hit as high as near $1900 ayear ago but when bitcoin gone up HUGE 52wk lows is 360 
spam,Check out our official Bounty and Airdrop Announcement on Bitcoin Talk CreditTerra credit crypto blockchain 
ham, Samsung S10 including cryptocurrency walletyou may have to be Stevie Wonder not see whats happening bitcoin cryptocurrency 
ham,My brother just sent me this A pay phone And it accepts Bitcoin The future is somewhere cc mbrodkorb  
ham,cryptoknytekid Hi Bitcoin Technical Analysis Unlocked next 2 movement for everyoneCheck out If you want to see E point for bitcoinDm me for details It is very important action BitcoinAltcoin Analysis amp Margin Last %970 Profit  ğŸ‘¨ ğŸ’¼ ğŸ“Š ğŸ”“ ğŸ”“ ğŸ”” ğŸ‘¨ ğŸ’¼ âœ… â–¶
ham, - ThunderCore raises $50M from Arrington XRP Pantera SV Angel others for its blockchain platform that it claims can be 100X faster than Ethereum and Bitcoin Dean TakahashiVentureBeat tech mobile 
ham,Facebook is hoping to succeed where Bitcoin failed and are in talks with exchanges to get their coin listed Bitcoin failed to be censored Bitcoin failed to be controlled Bitcoin failed to be manipulated They will succeed on all three of those points with their own coin 
ham,iwearahoodie jdaxiom There are also payroll services that specialize in paying employees partially or entirely in crypto bitcoin Ive not studied that market in a few years but they existed to help solve issues like you expressed Core tech is great but realistically need a solutions ecosystem 
ham,MichaelKogan14 starkness vindaRd RyanMilb patio11 Yup Bitcoin itself is after 10 years also still in Beta did you know that 
ham,So ITS really are literally lasted 9 hours before it a new bitcoin 
ham,Top ranking Bitcoin Faucet that really pays There are so many ways to earn - Money  ğŸ‘ ğŸ˜
spam,This tweet RT Airdropnotecom Bitcoin Satoshi crypto blockchain Airdrop New Airdrop Nexxo Nexxo airdrop worth 4205 NEXXO and 2241 NEXXO by hasnt been tweeted more than 4 times ğŸ“¢
ham,This tweet Unfamiliar with crypto No worries Well help members through the entire process of exchanging acquiring sending and withdrawing their toqqns Toqqn ico crypto bitcoin ethereum blockchain btc hasnt been tweeted more than 0 times 
ham,This tweet RT Nupetc1 Facebook and Telegram Are Hoping to Succeed Where Bitcoin Failed Interesting readfacebook altco hasnt been tweeted more than 1 times 
ham, 1 Bitcoin with unit price of $389035 market cap of $68335442785 5177% and 24 hr vol of $771683679022 3148% 
ham,This tweet RT BuildUrDreams Blockstream Releases Lightning Upgrade With New Plugin Functionality blockchain bitcoin b hasnt been tweeted more than 2 times 
ham,This tweet Report Claims That Sextortionists Absconded With Over $300000 in Crypto in 2018 - bitcoin btc bitcoinnews blockchain hasnt been tweeted more than 0 times 
ham,Where is bitcoin headed ThisGuy uses TechnicalAnalysis to predict a swing upwards after a drop down to about 4k This was predicted 1 month ago  
spam,IAM Platform Curated Retweet Via Could you use an extra $20 to invest in bitcoin or cryptocurrency Sign up for an online bank account for a free cash bonus Details here - IAMPlatform TopInfluence CryptoCurrency 
ham,14 Update your Ledger hardware wallet ASAP if you havent already Last month Ledger released v155 stating that it contained a critical security fix on the Bitcoin app I wondered how serious it was and today I found out the answer ğŸ˜®
ham,This tweet RT VideoBoursefr Live LeJournalDuCoin TradingduCoin Cryptos en 2019 entre Contexte Fondamental et Technique crypto bitcoin blockchain trading hasnt been tweeted more than 0 times 
ham,You Suffer But why Bitcoin just hit $386986 time to remotely toggle your rig at home bitcoin 
spam,This tweet RT Airdropnotecom Bitcoin Satoshi crypto blockchain Airdrop New Airdrop Uphold Uphold is airdropping $500k in UPUSD stablecoin t hasnt been tweeted more than 1 times ğŸ“¢
ham,BitCoin for the dark web used to buy all da organs bradley3ks 
ham,This tweet Daily profit for HODLING BTC since 2013 Data taken since 29102018 1045am UTC Updated every hour bitcoin btc cryptocurrency blockchain cryptotrade profit hasnt been tweeted more than 0 times 
ham,This tweet Toqqn is a platform for users to provide private transactions giving users a full-advertising social experience ico crypto bitcoin ethereum blockchain btc toqqn hasnt been tweeted more than 0 times 
ham,This tweet March 01 2019 BTCMANAGER - Bitcoin Crypto News Blockchain ICO RT hasnt been tweeted more than 0 times 
spam,Market Update The price of Bitcoin is currently $388200 Crypto $BTC BTC View the coin here here  
ham,Binance $384682 Bitstamp $3834 Bitfinex $39426 Coinbase $385289 Check out some AltCoins Start trading now bitcoin ethereum blockchain 
spam,This tweet I introduce you new ICO project that will make success soon - TOQQN Its blockchain project developed by professional team Dont miss it Toqqn ico crypto bitcoin ethereum blockchain btc hasnt been tweeted more than 0 times 
ham,This tweet Auction of Seized Bitcoin Draws Interest From 110 Countries blockchain bitcoin btc hasnt been tweeted more than 0 times 
spam,TakeOff Exchange Payment 1 Decentralized Multi-Token Payment - Through dApps easy settlement via the already used wallet metamask etc - Easy-to-use User Intarfece Crypto bitcoinBlockchain ether ethereum cryptocurrency DEX  
ham,This tweet Bitcoin Price Analysis The Third Attempt At Breaking Out Above $3980 Was Unsuccessful Is a Triple Bottom In Store bitcoin crypto blockchain btc news eth ltc xrp hasnt been tweeted more than 0 times 
ham,Here is this hours Machine Learned Bitcoin insights A Strong Upward Trend is being seen Support Resistance at 378432 381783 384100 386325 389814 390961 For more AI insights go to  
ham,A new post Circle Introduces Market Surveillance to Fight Insider Trading Pump and Dump Schemes is added on altnewsnu altcoin bitcoin news 
ham,Loved him so much that I have ever seen Wherever did you not see you twitterbot crypto cryptocurrency bitcoin ethereum 
ham,One Bitcoin now worth $3869857 Market Cap $67975 Billion Based on coindesk BPI bitcoin 
ham,One Bitcoin now worth $383435bitstamp High $3845300 Low $3783620 Market Cap $67346 Billion bitcoin  
ham,TOP-12 most-mentioned crypto this hour 1 bitcoin 2 ethereum 3 xrp 4 neo 5 steem 6 nem 7 litecoin 8 eos 9 dash 10 digitexfutures 11 qash 12 tether cryptocurrency altcoin blockchain news CryptoBuzzTracker  
ham,This tweet RT Securypto If you really have nothing to hide please publish your bitcoin private keys No Why not Exactly Privacy is not about h has been retweeted 578 times 
ham,Bitcoin Social Sentiment is currently MIXED 0% Visit to find out why $BTC $BTCUSD Friday 01 March 2019 0600PM 
ham,This tweet RT Securypto Keep a good eye on the website some big news comming in the next 10 days bitcoin blockchain cry has been retweeted 516 times 
ham,Alex Jones alleges Soros affiliates wanted him to pump bitcoin 8 years ago on Joe Rogan Podcast 1255 at timestamp 13100 cryptocurrency crypto 
ham,What Bitcoin Did 81 Bitcoin Rationalism With Lily Liu BTC  
ham,cryptocurrency Price Analysis for Bitsend BSD Last Hour Change -14 % 01-03-2019 2000 Price in USD 0044661742 Price in EUR 00392970628 New Price in Bitcoin BTC 000001149 Coin Rank 756 â¬‡
ham,This tweet DomainNameForSale DomainName domain Coin Token CoinToken CoinTokenEx Blockchain bitcoin Ex DEX BTC hasnt been tweeted more than 0 times 
ham,$67193 Veteran Crypto Trader Explains His Oddly-Specific Bitcoin Price Target cryptonews cryptolife cryptocurrency tradingcrypto ethereum btc bitcoin blockchain crypto eth cryptocurrencynews CryptoNews cryptoinvestor cryptocurrencies fin 
ham,BardsOfWar To biblical names or phrases Many correlations of similar language names to similar numbers Bitcion is 333 Bitcoin has peaked and hit bottom on this number spread sometimes in 3yrs 3months 3 days Or 333days from last Topcrazy when you work at it a bit Use it to help 
spam, is for sale domain domains selldomain domainnames domainname domainers enterpreneur dial blockchain eth Ethereum function feature brand btc Productivity speeddial smartphone mobile speed fastdial call bitcoin cloud hello tech  
ham,Its a new month and we are still purchasing Bitcoins at the best rates you can think of If youve got coins in bits or bulk we can purchase it and pay you for it immediately Wonder what youre still waiting for just sell that Bitcoin today  ğŸ’¯ âœŠ ğŸ™
spam,Bitcoin tweets - top stories by CoinLook TusharJain jgarzik 
ham,If you had $4 grand would you buy 1 bitcoin or put 1 grand on 4 different coins ethereum xlm xrp  
spam,Ultimate Peace Of Mind For 3 Years Enjoy online security and privacy for up to 6 devices for just $299month with NordVPN cloudsecurity androidtv photography ICO blockchain startup entrepreneur tech technews bitcoin streaming travel  
spam,Get BTC for FREE Use faucet rotator here - Up to $125 each hour crypto news bitcoin BTC faucet rotator 
spam,This tweet eth crypto blockchain btc bitcoin hasnt been tweeted more than 0 times 
spam,This tweet RT CreditTerra Check out our official Bounty and Airdrop Announcement on Bitcoin Talk CreditTerra credit cry has been retweeted 33 times 
spam,computerart bitcoin blockchain s LAST Block Height 565227 See more on  
spam,Top 3 tightest radar pairs for Mar 1 on binance 1 ADABTC 2 XMRBTC 3 DCRBTC cryptocurrency bitcoin altcoins btc ADA XMR DCR 
spam,Thank you for organizing events We will reward those who contribute to the beginning of the ICO airdrop airdrops bounty cryptocurrency eth btc crypto bitcoin blockchain ethereum ico xrp giveaway design developer 
ham,Must read thread on lightning Ive never used myself but reading this experience just makes me think how many times more an Ethereum smart contract implementation would be easier to use 
ham,What is the real bottom for $BTC Bitcoin Our top author TheDLavrov thinks that it is 3000$ per coin Dont you agree with that Join our community share your ideas and receive feedback from other traders on tradingview  
spam,Another Friday Its March 01 2019 at 1000AM Have you earned your free bitcoin today grindabuck 
ham,You have to give credit to czbinance for what he has done with Binance they have just went from strength to strength and just look at $BNB the growth it has had recently greatteam crypto bitcoin exchange 
ham,Will Bitcoin ever be considered money ECO2307 
ham,Russian Bitcoin Fraud Suspect on Hunger Strike Admitted to Greek Clinic GreekReporter 
spam,GCT Crypto Value AIRDROP Follow twitter and retweet-like pin tweet What is your twitter username airdrop airdrops bounty cryptocurrency eth btc crypto bitcoin blockchain ethereum ico xrp giveaway coin  
ham,This Dont expect bitcoin to suit your needs its uncensorable money understand what does it mean and why is important Decentralization bitcoin  
