2019-04-05 11:26,$BTC BTC - bitcoins Current Price $49842410 1h 062 % 24h -098 % 7d 2244% More on  ,0.0,0.0
2019-04-05 11:26,RT PaleoCrypto Speaking of that was insane bat-shit crazy volume on the last $BTT candle Total madness But is it the motherload  üöÄ üõ∏,0.2,-0.5423
2019-04-05 11:26,HighBank provides in and out crypto solution to all the crypto enthusiasts in a robust and scalable manner  ,0.336,0.7269
2019-04-05 11:26,RT hodlonaut The final stretch is here LNTrustChain now has only 10 spots left before we wrap this little adventure up Torch is with ,0.08,0.2516
2019-04-05 11:26,Youll need a bank account to use UnionBanks new Bitcoin ATM see more  ,0.0,0.0
2019-04-05 11:26,RT danheld Gold has an $8 trillion market cap with zero merchant adoption So why do does the mainstream press think Bitcoin can only ha ,0.091,0.34
2019-04-05 11:26,Ripple XRP Price Analysis Is This THE Correction XRP XRPthestandard XRPCommunity eth btc bitcoin  ,0.0,0.0
2019-04-05 11:26,RT complexuk 50 Cent accidentally made millions by accepting bitcoin for his last album  ,0.153,0.0516
2019-04-05 11:26,RT SatoshiDoodles Now you can find all of the doodles in one place at Bitcoin BitcoinCash BitcoinSV htt üé® ‚úç,0.132,0.4939
2019-04-05 11:26,RT CyberDomain CyberSecurity Hacker Bitcoin The Currency Of The Future -  ,0.0,0.0
2019-04-05 11:26,RT ExyleSteem You are now able to trade Bitcoin Litcoin Doge and Bitcoin Cash on  ,0.0,0.0
2019-04-05 11:26,RT danheld Gold has an $8 trillion market cap with zero merchant adoption So why do does the mainstream press think Bitcoin can only ha ,0.091,0.34
2019-04-05 11:26,Crypto Analyst Targets Bitcoin BTC at $100000 Plus Ripple and XRP Litecoin Ethereum Tron StellarCardano  ,0.0,0.0
2019-04-05 11:26,RT GoonAlerts Why pairing with USDT is better than BTC Litecoin Example URL LINK Tags $LTC $BTC $ETH $ üò± ü§ë üíµ,0.183,-0.4404
2019-04-05 11:26,RT Freemoneyinfo Payouts from hitcanavari $btc crypto faucet to faucethub 542019 claim 35 bitcoin satoshi every 0 minutes  ,0.0,0.0
2019-04-05 11:26,RT jonathanwilson Elon Musk and Peter Thiel start Paypal Paypal is supposed to be digital money also known as Bitcoin It doesnt becom ,0.0,0.0
2019-04-05 11:26,RT GoonAlerts Why pairing with USDT is better than BTC Litecoin Example URL LINK Tags $LTC $BTC $ETH $ üò± ü§ë üíµ,0.183,-0.4404
2019-04-05 11:26,You have to watch this A funnily animated history of bitcoin with Body B as the main actor Its so good  ,0.295,0.7973
2019-04-05 11:26,Bitcoin BitPay eGifter bitpay fee not bitcoin fee ,0.0,0.0
2019-04-05 11:26,RT Megatronic13 Guy at party and thats how Bitcoin works Me nudging my service parrot Parrot squawk thats so interesting thats ,0.246,0.7344
2019-04-05 11:26,RT JimmyWinMedia OnlineGaming industry - learn why BitcoinSV BSV is the original Bitcoin amp why its a WIN for gaming operatorrs and p ,0.275,0.7804
2019-04-05 11:26,RT GoonAlerts Predict altcoin BREAKOUTS using Fiat or USDT Power Ledger Example URL LINK Tags $POWR $L üíµ ü§ë üöÄ üí°,0.0,0.0
2019-04-05 11:26,RT GoonAlerts Predict altcoin BREAKOUTS using Fiat or USDT Power Ledger Example URL LINK Tags $POWR $L üíµ ü§ë üöÄ üí°,0.0,0.0
2019-04-05 11:26,TONE VAYS - When BITCOIN $100K Rally sustainable Get in NOW or WAIT IvanOnTech üò±,0.279,-0.7003
2019-04-05 11:26,Bitcoin BitPay eGifter You realise that you failed to even mention the project you are promoting Maybe focus o  ,0.151,-0.2023
2019-04-05 11:26,Lots of Traders in crypto are making very firm statements knowing Bitcoin being experts and they have the trut  ,0.0,0.0
2019-04-05 11:26,RT gethoneyminer Nobody Me BITCOIN IS THE FUTURE FIAT MONEY IS FAKE NEWS ,0.242,-0.5904
2019-04-05 11:26,RT trylolli spending all our recent bitcoin profits to run ads on this tweet to share that you can use to earn fr ,0.195,0.6249
2019-04-05 11:26,RT newsbtc Technical Indicator Signals That Bitcoin is Ready to Surge Nearly 200% One widely used indicator may signal that BTC is ready ,0.192,0.6124
2019-04-05 11:26,RT thefinancialfor $BTCX sideways in an up down rollercoaster What is the true value of Bitcoin $XRPX $BTCF ,0.245,0.6369
2019-04-05 11:26,RT tracyalloway Avocado prices are clearly tracking Bitcoin  ,0.278,0.4019
2019-04-05 11:26,RT BitbookAg Check one more article about our exchange listing announcement on hitbtc and Changellyteam exchange listing token ,0.0,0.0
2019-04-05 11:26,RT KingLutron My day job Regional Account manager I have skills to sell I never felt like onboarding my peers to BCH Now im onboa ,0.088,-0.2755
2019-04-05 11:26,RT GoonAlerts Why pairing with USDT is better than BTC Litecoin Example URL LINK Tags $LTC $BTC $ETH $ üò± ü§ë üíµ,0.183,-0.4404
2019-04-05 11:26,CryptoSl369 Other examples XLM targets at 1$015 2retrace to $010 region have not occurred and no sequence Yo  ,0.1,0.2235
2019-04-05 11:26,rogerkver Dont spend to much time hating bitcoin ,0.32,-0.5106
2019-04-05 11:26,BTCMachineElf JoeSaz Shit Elf between you and me there will never be a gotcha question So put that to rest B  ,0.167,-0.5574
2019-04-05 11:26,dylan4034358 Deadlochcom BitcoinBeyond btchudson This is the problem with supporters of CSW His proof was tho  ,0.148,0.0516
2019-04-05 11:26,Bitcoin Price Skyrockets to $5000 End of Bear Market in Sight  ‚û° üó∫ ‚ñ∂,0.13,0.34
2019-04-05 11:26,RT bitcoinist Bitcoin Set To Be Worlds Main Payment System In 10 Years New Research Bitcoin will surpass all competition from oth ,0.0,0.0
2019-04-05 11:26,Hardwallet cryptocurrency crypto trezor bitcoin Hey crypto family make sure you are keeping your crypto safe a  ,0.271,0.6369
2019-04-05 11:26,Hardwallet cryptocurrency crypto trezor bitcoin Hey crypto family make sure you are keeping your crypto safe a  ,0.271,0.6369
2019-04-05 11:26,ZclassicCoin $ZCL has real bitcoin fundamentals - no premine - no dev fees - 21M supply more - anonymous transa  ,0.239,-0.5267
2019-04-05 11:26,RT TradePlaceEx Woow bitcoin to the moon again If you see the cycle of this huge coin youll understand that the crypto world is so ,0.099,0.3869
2019-04-05 11:26,RT bitcoinist Tom Lee of Fundstrat Global Advisors believes that the fair value of Bitcoin is around $14000 He also says that the old ,0.176,0.5719
2019-04-05 11:26,RT MikayesFiona Its simply not secure hon no matter who claims it is Heading to bed and knew better than to answer a tweet about bit ,0.204,0.4314
2019-04-05 11:26,RT blockandchain Guess TOMORROW Bitcoin rate at 1800 GMT on the Binance exchange and win 100$ Conditions of the competition 1 ,0.167,0.5859
2019-04-05 11:26,Just got followed by Sherlock crazycrypto Thanks bruv Cryptocurrency Bitcoin crypto btc $btc $eth  üôè,0.162,0.4404
2019-04-05 11:26,RT HSchendera Japanese Exchange Liquid Becomes Unicorn Citing New Funding From Big Players With Bitcoin skyrocketing trending graph on ,0.0,0.0
2019-04-05 11:26,RT newsbtc Research Suggests Bitcoin Adoption Growing Organically in Emerging Markets Emerging markets are rapidly getting into Bitcoin ,0.091,0.1779
2019-04-05 11:26,RT CryptoLeader To my knowledge our team at GrowersIntl was the first ever to hold an Initial Exchange Offering event in 2017 on Cr ,0.0,0.0
2019-04-05 11:26, is available for purchase Best for Startup sto securitytoken crypto bitcoin coin ,0.276,0.6369
2019-04-05 11:26,RT vakeraj Bad news bitcoiners the next fork wont be some clown like Roger Ver or Jihan Its us vs billions of normies propagandiz ,0.125,-0.25
2019-04-05 11:26,RT CryptoBTCChris Please Retweet We are going to make Life Changing Money Bitcoin Bounce coming Previous $BTC Sell-off showed warni ,0.108,0.3182
2019-04-05 11:26,RT whalealert 8273 BTC 41062653 USD transferred from Bitfinex to unknown wallet Tx  üö® üö® üö® üö®,0.094,0.3612
2019-04-05 11:26,gateio It suggests that gateio is trying to sell off its loopring stakes at inflated artifial prices  ,0.0,0.0
2019-04-05 11:26,RT JJKim1976 saxenapuru I still think its too early to jump out of the wagon given dovish Fed and improving China Risk assets like ,0.249,0.5994
2019-04-05 11:26,Just launched get an awesome email address accepts Bitcoin and LN via rBitcoin  ,0.441,0.7845
2019-04-05 11:26,RT danheld Gold has an $8 trillion market cap with zero merchant adoption So why do does the mainstream press think Bitcoin can only ha ,0.091,0.34
2019-04-05 11:26,RT SyedRazaShah123 Remember this chart Did we just get to this part Sky is the limit Bitcoin Cryptocurrency  ,0.0,0.0
2019-04-05 11:26,RT newsbtc Research Suggests Bitcoin Adoption Growing Organically in Emerging Markets Emerging markets are rapidly getting into Bitcoin ,0.091,0.1779
2019-04-05 11:26,RT crypteuschain LAST CHANCE TO JOIN 10 BNB and 006 BTC to 2 lucky winners will be drawn in a few hours time To participate ü§ë ü§ë ü§ë,0.316,0.8902
2019-04-05 11:26,RT WandaWilliams90 coindesk PayPal IanAllison123 Its just the beginning of adoption Bitcoin has started climbing up and has attracte ,0.0,0.0
2019-04-05 11:26,RT APompliano Bitcoin is a bet that algorithms are more disciplined and accurate than humans at making monetary policy decisions ,0.0,0.0
2019-04-05 11:26,Every 24 hours you get bitcoin every day Telegram Bot You can receive over 100 satoshi everyday $BTC $ETH $NEO  ,0.0,0.0
2019-04-05 11:26,Every 24 hours you get bitcoin every day Telegram Bot You can receive over 100 satoshi everyday $BTC $ETH $NEO  ,0.0,0.0
2019-04-05 11:28,While Cryptocurrency Winter Ends Cryptocurrency Market Gains $18 Billion and Bitcoin BTC Comes to $5000  ,0.146,0.34
2019-04-05 11:28,RT voice0fcrypto This is us When Bitcoin pumps  ,0.0,0.0
2019-04-05 11:28,$BTC BTC - bitcoins Current Price $49707223 1h -021 % 24h -078 % 7d 2187% More on  ,0.0,0.0
2019-04-05 11:28,DaniAdvocate pushpendrakum CryptooIndia cryptokanoon DaniAdvocate Sir i wanted to know whether possession or t  ,0.0,0.0
2019-04-05 11:28,RT teemulau I am not so sure about the dollar or the euro but the underlying technology of printing money is really interesting The B ,0.149,0.5028
2019-04-05 11:28,RT Bitfinexed Oh and yeah TETHER FROZE MONEY ON AN ACCOUNT WITH OVER $180000000 WORTH OF BITCOIN Im sure everything is fine üö® üö® üö® üö®,0.229,0.7865
2019-04-05 11:28,Bitcoin has already bottomed out Its on the upward trend now My prediction by September2019 is above $10000 ,0.0,0.0
2019-04-05 11:28,RT CryptoBitlord Lets discuss a bitcoin black swan event And its about to happen according to the Bitmex insurance fund  üëá,0.0,0.0
2019-04-05 11:28,RT TheBitfi If you worry that you missed the bull run in 2017 whats coming next will make 2017 look like merely a warm-up You wont ev ,0.167,-0.3818
2019-04-05 11:28,RT madewithtea Our efforts to put Bitcoin into Neo4j For some things you need MapReduce for others a graph database  ,0.0,0.0
2019-04-05 11:28,RT TrevlfcL Xrp may be pulling bitcoin up nice to see xrp up 10% eToro at time of writing xrp hodl AlexCobb digitalassetbuy XRPcom üòé üöÄ,0.177,0.7003
2019-04-05 11:28,Bitcoin Is Catching On Fast Outside of US BitPays Singh Says via YouTube ,0.0,0.0
2019-04-05 11:28,RT ToneVays Having an great time at UnderstandBit with so many awesome Bitcoin power users  ,0.395,0.8583
2019-04-05 11:28,Bitcoin Will See Global Need After Future Applications Emerge Says Andreas Antonopoulos The future of cryptocurre  ,0.0,0.0
2019-04-05 11:28,RT StockRockNRoll Cant miss blockchain play coming your way after the closing bell Details Inside Read Now  ,0.11,-0.1511
2019-04-05 11:28,RT BettingJesus1 If I get a 1000 retweets I will post the MLS MOVE today REAL SYNDICATE MOVES BettingJesus1 is THE SYNDICATE INS ,0.0,0.0
2019-04-05 11:28,RT DeanDFFN 4 miners in bitcoin have more that 51% of hashpower 11 in DigiByte meaning the total number of different miners is also w ,0.056,0.0772
2019-04-05 11:28,RT cryptocurrency Google searches for Bitcoin nearly tripled during the recent price spike according to Google Trends data Bitcoin  ,0.0,0.0
2019-04-05 11:28,RT DLT4All Do Bitcoin Ethereum and the plethora of altcoins or tokens carry any real life value Are they secure Read the full report ,0.179,0.5859
2019-04-05 11:28,Indian Crypto Exchanges Share What Sets Their P2P Platforms Apart Bitcoin Cryptocurrency Exchanges Banking BTC ,0.136,0.296
2019-04-05 11:28,Try to win a years subscription to our Expert Pack at Crypto-Addicts Value 1188$ cryptoaddicts blockchain  ,0.323,0.7351
2019-04-05 11:28,Universal Aid Fund - an investment project dealing with mining and trading Payment Proof  ,0.0,0.0
2019-04-05 11:28,RT Internoc24 Bitcoin has reached 5000$ Now we push BTC to 5000 EUR with our BitcoinPromotion You can save more than 10% if you ,0.173,0.5574
2019-04-05 11:28,NPXS PUNDIX THE WORLDS FIRST BLOCKCHAIN PHONE 2019 BTC bitcoin Ethereum eth xrp npxs pundix trx ltc  üöÄ üöÄ üöÄ üöÄ üöÄ,0.0,0.0
2019-04-05 11:28,RT APompliano Bitcoin is a bet that algorithms are more disciplined and accurate than humans at making monetary policy decisions ,0.0,0.0
2019-04-05 11:28,RT Aeryusone A DIGITAL WORLD DEMANDS DIGITAL CURRENCY Money is easy to use but its no longer safely stored Digital currency is safe ,0.327,0.8074
2019-04-05 11:28,RT LilUziVertcoin Nipsey Hussle was a fan on crypto and Bitcoin and knew it had serious room for growth in the future RIPNipseyHussle ,0.194,0.5574
2019-04-05 11:28,RT proofofmemes There is only one bitcoin  ‚úä,0.0,0.0
2019-04-05 11:28,RT BuzzLightyearz Im here to learn about Bitcoin not to be another one of the cool kids So dont bother to ask for crypto correctne ,0.167,0.5595
2019-04-05 11:28,RT rektcapital $BTC Dominance 504 1D Never in the history of $BTCUSD Dominance have we seen ranging between the 50% amp 51% levels  ,0.146,0.3818
2019-04-05 11:28,RT CryptoBac Bitcoin and $crypto will pump hard ,0.167,-0.1027
2019-04-05 11:28,Important news for Cryptoassets enthusiasts in the UK HMRC has published initial guidelines on the taxation of e  ,0.219,0.4939
2019-04-05 11:28,Bitcoin Price Analysis April5 Can The Bulls Maintain The Positive Sentiment Around $5000  ,0.231,0.5574
2019-04-05 11:28,RT LaCuen Btw Ive personally had consistently positive experiences with men in this space who help me grow my skills amp show me ample ,0.223,0.743
2019-04-05 11:28,kaytaylorrea meaganisanerd Bitcoin change my life invest and make your daily profits  ,0.209,0.4404
2019-04-05 11:28,RT FelixTih Im Not a Robot AI IoT digital Robotics Robot DigitalTransformation future technology TechTrends analytics 4IR  ,0.0,0.0
2019-04-05 11:28,RT Cointelegraph Google searches for Bitcoin nearly tripled during the recent price spike  ,0.0,0.0
2019-04-05 11:28,BuidlHodl vinarmani PeterRizun Funny you mention that Blockstream precisely stole the name Bitcoin for their  ,0.172,0.4404
2019-04-05 11:28,Selling twitter accs 26k 19k 12k 11k 10k 9k 6k 5k 2 4k 3 3k 3 2k3 Mop paypal Dm to avail  ‚§µ üíé üíé üíé üíé üíé üíé üíé üíé üíé üíé üíé üîë,0.0,0.0
2019-04-05 11:28,What Bitcoins April rally might mean for2019  ,0.0,0.0
2019-04-05 11:28,EU Blockchain Group Launches Strategist Says bitcoin Futures Pushed BTC Price New XRP and Litecoin LTC Ex  ,0.0,0.0
2019-04-05 11:28,RT BitcoinOilLLC Join us in the revolution Join us as we make history Crypto CryptoNews ICO BTCO BTC blo ,0.206,0.5267
2019-04-05 11:28,Those who initially took a hard stand against bitcoin and cryptocurrency are soft peddling now This speaks volume massadoption ,0.076,-0.1027
2019-04-05 11:28,RT DarkPayCoin deltadirect Proposals will be put in chain today Voting time incoming DarkPay 30 is on its way $dkpc masternodes  ,0.0,0.0
2019-04-05 11:28,RT BitcoinOilLLC BTCO creating STABILITY through LOYALTY  üëä,0.479,0.7531
2019-04-05 11:28,RT DanNorberts These Indian Crypto Exchanges Share What Sets Their P2P Platforms Apart bitcoin cryptocurrency blockchain ethereum IC ,0.115,0.296
2019-04-05 11:28,Bitcoin Analyst Tone Vays Says Crypto Market Surge May Have No Specific Catalyst  ,0.155,-0.296
2019-04-05 11:28,Indian Crypto Exchanges Share What Sets Their P2P Platforms Apart via BTCTN ,0.167,0.296
2019-04-05 11:28,Taxes are due in 10 days Dont NOT report your Bitcoin trades  ,0.0,0.0
2019-04-05 11:28,RT JamesCageWhite Hi everyone Im eating an orange after lunchI wont buy bitcoinbecause its very riskyI dont like riskId better ,0.21,-0.5831
2019-04-05 11:28,RT Bitcoin 1 Wondering why Bitcoin Cash is performing so well Heres just a few of the amazing things happening on the BCH network righ ,0.238,0.7609
2019-04-05 11:28,TheBitfi New way to HODL get a Bitfi sell all your shit you wont need em and Buy Bitcoin go to jail then 5 ye  ,0.141,-0.5574
2019-04-05 11:28,TheBitfi New way to HODL get a Bitfi sell all your shit you wont need em and Buy Bitcoin go to jail then 5 ye  ,0.141,-0.5574
2019-04-05 11:28,Greetings friends Too much interesting news to talk about only one Learn about the current events of the crypto  ,0.35,0.8225
2019-04-05 11:28,RT CNBC Bitcoin had a rough 2018 But after a spike earlier this week many are asking Is bitcoin back  ,0.0,0.0
